세븐일레븐 은천점,관악구,37.48532136,126.9378633,02-871-1785,관악경찰서,은천동,서울 관악구 봉천로 335
씨스페이스 구로공단점,관악구,37.48340555,126.9027248,02-856-4280,관악경찰서,조원동,서울 관악구 조원로 6
GS25,강서구,37.53282366,126.838812,,강서경찰서,화곡1동,서울 강서구 가로공원로76길 100
세븐일레븐 신사시장점,관악구,37.4840205,126.9163085,02-830-6586,관악경찰서,신사동,서울 관악구 남부순환로153길 35
CU 개포사랑점,강남구,37.48311645,127.060656,02-573-1039,수서경찰서,개포2동,서울 강남구 선릉로10길 4
세븐일레븐 신림점 B,관악구,37.46990093,126.9335323,02-878-0845,관악경찰서,대학동,서울 관악구 호암로24길 6
세븐일레븐 길동제일점,강동구,37.53540255,127.1447004,02-485-7637,길동지구대,길동,서울 강동구 천호대로 1203
세븐일레븐 길동4호점,강동구,37.537263,127.1460832,02-484-8315,길동지구대,길동,서울 강동구 명일로 210
미니스톱 명일스타점,강동구,37.5517026,127.142414,02-427-3120,명일지구대,명일1동,서울 강동구 고덕로38길 64
세븐일레븐 명일삼익점,강동구,37.54450894,127.1454636,02-426-7814,명일지구대,명일1동,서울 강동구 양재대로128길 47
세븐일레븐 명일점,강동구,37.5533158,127.1439183,02-441-9623,명일지구대,명일1동,서울 강동구 양재대로 1655
세븐일레븐 강동고덕점,강동구,37.5530312,127.1554565,02-426-1746,명일지구대,명일2동,서울 강동구 동남로75길 13-25
GS25 고덕,강동구,37.56001982,127.1545091,02-429-4153,고덕지구대,고덕1동,서울 강동구 동남로81길 44
세븐일레븐 고덕광문점,강동구,37.5606516,127.1561175,02-442-7172,고덕지구대,고덕1동,서울 강동구 동남로81길 10
씨스페이스 강동상일점,강동구,37.5464168,127.1713147,02-426-4935,상일지구대,상일1동,서울 강동구 천호대로 1469
CU 강일5단지점,강동구,37.56851355,127.1781387,02-428-1186,강일지구대,강일동,서울 강동구 아리수로97길 20
GS25 성내한빛,강동구,37.53468848,127.1328468,02-488-3969,성내지구대,성내2동,서울 강동구 천호대로168길 25
미니스톱 길동현대점,강동구,37.53694861,127.1476683,,길동지구대,길동,서울 강동구 명일로 200-34
GS25 둔촌역,강동구,37.52830949,127.1359081,02-476-7470,성내지구대,성내3동,서울 강동구 양재대로 1367
세븐일레븐 강동오륜점,강동구,37.52320993,127.132659,02-470-1544,성내지구대,성내3동,서울 강동구 양재대로81길 30
CU 강풀만화거리점,강동구,37.53720715,127.1267613,02-478-4282,성내지구대,성내2동,서울 강동구 천호대로 1034
GS25 성내삼성점,강동구,37.531525,127.1272061,02-475-0441,성내지구대,성내2동,서울 강동구 풍성로 135
GS25 천호타운,강동구,37.54400182,127.1385731,02-427-4222,천호지구대,천호1동,서울 강동구 천중로35길 66
GS25 천호중앙점,강동구,37.54576919,127.140448,02-479-4648,천호지구대,천호1동,서울 강동구 상암로 162
CU 천호고분,강동구,37.5423248,127.1303551,,천호지구대,천호2동,서울 강동구 구천면로33길 11
GS25 천호역,강동구,37.5397441,127.123315,02-471-3989,천호지구대,천호2동,서울 강동구 올림픽로 651
미니스톱 천호현대점,강동구,37.53935246,127.1258986,02-471-0213,천호지구대,천호2동,서울 강동구 올림픽로70길 39
세븐일레븐 천호쌍용점,강동구,37.54030638,127.1235413,02-472-4610,천호지구대,천호2동,서울 강동구 올림픽로 659
세븐일레븐 천호역점,강동구,37.53985894,127.1240846,02-474-3969,천호지구대,천호2동,서울 강동구 올림픽로 654
GS25 천호후레쉬,강동구,37.5417564,127.1372655,02-475-2177,천호지구대,천호3동,서울 강동구 천중로35길 11
GS25 강동암사,강동구,37.5521612,127.1320255,070-7559-9279,암사지구대,암사1동,서울 강동구 고덕로20마길 29
GS25 암사성모,강동구,37.55182627,127.1353017,02-441-6323,암사지구대,암사1동,서울 강동구 암사길 54
GS25 암사시장,강동구,37.5499258,127.1296102,,암사지구대,암사1동,서울 강동구 올림픽로98길 50
GS25 암사우성,강동구,37.55077724,127.1386887,02-428-7142,암사지구대,암사동,서울특별시 강동구 구천면로361길
GS25 암사햇살,강동구,37.5489289,127.1328495,02-3426-5090,암사지구대,암사1동,서울 강동구 구천면로47가길 33
세븐일레븐 암사희망점,강동구,37.551753,127.1320257,02-426-2385,암사지구대,암사1동,서울 강동구 암사길 25
CU 암사한강점,강동구,37.55547042,127.1316795,02-429-6359,암사지구대,암사3동,서울 강동구 올림픽로104길 36
GS25 암사현대,강동구,37.5559112,127.1380327,02-426-8549,암사지구대,암사3동,서울 강동구 고덕로27길 28
GS25 둔촌프라자,강동구,37.53453704,127.1480484,02-484-7264,둔촌지구대,둔촌2동,서울 강동구 천호대로198길 32
CU 길동마루,강동구,37.5368082,127.1393134,02-475-2595,길동지구대,길동,서울 강동구 양재대로 1465
GS25 길동하이브,강동구,37.5353382,127.1373813,02-420-4474,길동지구대,길동,서울 강동구 진황도로 100
GS25 우성스타,강동구,37.53761173,127.1417854,02-474-4994,길동지구대,길동,서울 강동구 양재대로114길 31
GS25 길동삼익,강동구,37.54333138,127.147576,,길동지구대,길동,서울 강동구 명일로 275
세븐일레븐 강동길동점,강동구,37.5382315,127.138742,02-477-2622,길동지구대,길동,서울 강동구 양재대로113길 22
세븐일레븐 길동스위트점,강동구,37.53698126,127.1385858,02-487-1650,길동지구대,길동,서울 강동구 양재대로111길 15
세븐일레븐 길동와이시티점,강동구,37.53650327,127.1374255,02-476-3434,길동지구대,길동,서울 강동구 천호대로175길 42
세븐일레븐 길동으뜸점,강동구,37.5420442,127.1431272,02-484-7506,길동지구대,길동,서울 강동구 천중로49길 26
세븐일레븐 성내삼성점,강동구,37.5304459,127.1250701,02-470-2149,성내지구대,성내1동,서울 강동구 성내로9길 35
CU 성내새빛점,강동구,37.53471818,127.1254483,02-472-5524,성내지구대,성내2동,서울 강동구 천호옛12길 18
GS25 성내스타,강동구,37.53371897,127.1263146,02-475-1816,성내지구대,성내2동,서울 강동구 풍성로37길 41
GS25 성내신공원,강동구,37.5318445,127.1302143,02-486-3945,성내지구대,성내2동,서울 강동구 성안로13길 38
GS25 성내이안,강동구,37.53557687,127.1279515,02-482-4842,성내지구대,성내2동,서울 강동구 천호대로162길 34
GS25 성내제일,강동구,37.53260267,127.1320298,02-470-2006,성내지구대,성내2동,서울 강동구 천호대로170길 66
GS25 성내하이츠,강동구,37.53060359,127.1342117,02-483-5866,성내지구대,성내3동,서울 강동구 양재대로95길 47
CU 가산원룸점,금천구,37.47720455,126.896092,02-856-1108,금천경찰서,가산동,서울 금천구 시흥대로153길 42
CU 독산시장점,금천구,37.47285733,126.8993912,02-830-6930,금천경찰서,독산3동,서울 금천구 시흥대로138길 13
CU 시흥금빛점,금천구,37.45363719,126.904001,02-807-5882,금천경찰서,시흥1동,서울 금천구 금하로 657
CU 독산AK점,금천구,37.46833134,126.9045539,02-853-5613,금천경찰서,독산4동,서울 금천구 독산로72길 50
GS25 금천금하로점,금천구,37.45604838,126.9047329,02-891-6525,금천경찰서,시흥1동,서울 금천구 독산로29길 13
GS25 금천왕창점,금천구,37.478054,126.9049435,02-866-1959,금천경찰서,독산3동,서울 금천구 독산로106길 19
GS25 금천유진점,금천구,37.47348367,126.8909128,02-867-2232,금천경찰서,가산동,서울 금천구 가산로5길 65
GS25 금천중앙점,금천구,37.46965614,126.8984645,02-839-3117,금천경찰서,독산4동,서울 금천구 시흥대로 406
GS25 금천태양점,금천구,37.47484337,126.8975384,02-855-3174,금천경찰서,독산1동,서울 금천구 시흥대로141길 47
GS25 독산우림점,금천구,37.46689472,126.8881642,02-2027-2278,금천경찰서,가산동,서울 금천구 가산디지털1로 2
GS25 독산우정점,금천구,37.46925504,126.9005498,02-869-4159,금천경찰서,독산4동,서울 금천구 독산로75길 34
GS25 시흥별장점,금천구,37.44908395,126.9087082,02-893-8722,금천경찰서,시흥5동,서울 금천구 금하로24가길 4
CU 서림태양점,관악구,37.47567061,126.9395257,02-874-8131,관악경찰서,서림동,서울 관악구 쑥고개로2길 43
GS25 관악봉천,관악구,37.4806588,126.9502494,02-873-9368,관악경찰서,청룡동,서울 관악구 관악로17길 25
GS25 관악세봉,관악구,37.47648006,126.9520515,,관악경찰서,청룡동,서울 관악구 관악로 125
GS25 관악원앙,관악구,37.479344,126.9500349,02-882-4442,관악경찰서,청룡동,서울 관악구 남부순환로218길 46
GS25 관악푸르지오,관악구,37.4865146,126.9590056,02-882-0008,관악경찰서,청림동,서울 관악구 관악로30길 17
GS25 관악한일,관악구,37.4739242,126.9813264,02-581-7071,관악경찰서,남현동,서울 관악구 승방2길 2
GS25 관악행운,관악구,37.4771387,126.9650117,02-883-3421,관악경찰서,행운동,서울 관악구 남부순환로245길 9
GS25 난곡로점,관악구,37.47967053,126.915164,02-862-3379,관악경찰서,미성동,서울 관악구 난곡로 288
GS25 남현번영,관악구,37.4748374,126.9804277,02-445-5896,관악경찰서,남현동,서울 관악구 승방4길 27
GS25 뉴신림로데오,관악구,37.488305,126.9254872,02-883-0983,관악경찰서,신림동,서울 관악구 봉천로6길 30
GS25 봉천동부,관악구,37.48663231,126.9512671,02-877-5549,관악경찰서,성현동,서울 관악구 은천로 143
GS25 봉천동신,관악구,37.4888351,126.9361745,02-875-0329,관악경찰서,보라매동,서울 관악구 봉천로21나길 35
GS25 봉천번영,관악구,37.4764076,126.955539,02-883-2009,관악경찰서,낙성대동,서울 관악구 관악로14가길 45
GS25 신림성화,관악구,37.48351247,126.9259173,02-867-6865,관악경찰서,신원동,서울 관악구 남부순환로 1578
GS25 신림왕성,관악구,37.4813242,126.9302139,02-888-8038,관악경찰서,서원동,서울 관악구 신림로 304
GS25 인헌마루,관악구,37.4695203,126.9686101,02-885-1900,관악경찰서,인헌동,서울 관악구 인헌길 141
미니스톱 관악정옥점,관악구,37.48031759,126.9501722,02-872-2002,관악경찰서,청룡동,서울 관악구 관악로15길 39
미니스톱 보라매점,관악구,37.4896058,126.9252594,02-871-4124,관악경찰서,신림동,서울 관악구 봉천로 214
미니스톱 봉천남부점,관악구,37.48254046,126.9406005,02-889-8829,관악경찰서,청룡동,서울 관악구 남부순환로 1716
미니스톱 신대방역점,관악구,37.4850057,126.9141143,02-4532-1570,관악경찰서,신사동,서울 관악구 난곡로 348
미니스톱 신림본점,관악구,37.4789558,126.9321539,02-3285-1160,관악경찰서,서원동,서울 관악구 신림로 270
미니스톱 신림양지점,관악구,37.48643056,126.9299042,02-6508-1356,관악경찰서,신림동,서울 관악구 신림로68길 10
세븐일레븐 관악구청점 B,관악구,37.47891662,126.9526427,02-885-4391,관악경찰서,낙성대동,서울 관악구 관악로 154
세븐일레븐 관악대학점,관악구,37.46930051,126.9361614,02-781-7920,관악경찰서,대학동,서울 관악구 호암로24길 56
세븐일레븐 봉천1호점,관악구,37.48170083,126.9461146,02-877-0450,관악경찰서,청룡동,서울 관악구 남부순환로 1766
세븐일레븐 봉천해주점,관악구,37.48200947,126.9516382,02-877-7873,관악경찰서,중앙동,서울 관악구 봉천로 466
세븐일레븐 서울대동아점,관악구,37.48033806,126.9521929,02-884-5108,관악경찰서,청룡동,서울 관악구 관악로 167
세븐일레븐 서울대서진점,관악구,37.480606,126.9515086,02-871-0297,관악경찰서,청룡동,서울 관악구 관악로17길 3
세븐일레븐 세븐일레븐 신림녹두점,관악구,37.47031718,126.938669,02-871-1903,관악경찰서,대학동,서울 관악구 신림로 97
세븐일레븐 신림문화점,관악구,37.48711719,126.9270325,02-2025-8967,관악경찰서,신림동,서울 관악구 신림동길 15
CU 강남푸르지오점,강남구,37.497689,127.0292848,02-873-1232,강남경찰서,역삼1동,서울 강남구 테헤란로4길 6
세븐일레븐중계은행,노원구,37.6508341,127.075668,02-930-2301,노원경찰서,중계1동,서울 노원구 중계로 220
세븐일레븐노원중앙점 B,노원구,37.65584919,127.0653269,02-930-8431,노원경찰서,상계2동,서울 노원구 노해로85길 10-2
세븐일레븐광운대후문,노원구,37.6212056,127.0610833,070-8844-0864,노원경찰서,월계1동,서울 노원구 석계로13길 48
세븐일레븐중계8단지,노원구,37.64635792,127.0749531,02-951-0871,노원경찰서,중계1동,서울 노원구 한글비석로5길 62
세븐일레븐노원순복음,노원구,37.618414,127.063065,02-930-8431,노원경찰서,월계1동,서울 노원구 석계로 10
세븐일레븐노원역,노원구,37.6534006,127.0598701,02-930-4880,노원경찰서,상계6.7동,서울 노원구 동일로217가길 11
세븐일레븐노원제일점 B,노원구,37.65506998,127.0599384,02-934-9102,노원경찰서,상계6.7동,서울 노원구 동일로 1417
세븐일레븐월계초안,노원구,37.63052301,127.0450138,02-900-9611,노원경찰서,월계2동,서울 노원구 덕릉로60길 234
세븐일레븐공릉금강,노원구,37.62330351,127.0804117,02-948-8633,노원경찰서,공릉2동,서울 노원구 공릉로38길 17
CU상계계상,노원구,37.661949,127.0684283,02-935-5517,노원경찰서,상계5동,서울 노원구 한글비석로41가길 1
CU상계주공,노원구,37.64870446,127.0618482,02-931-3570,노원경찰서,상계6.7동,서울 노원구 동일로 1345
CU상계현대,노원구,37.66778003,127.0798354,02-938-3579,노원경찰서,상계3.4동,서울 노원구 덕릉로118길 17
CU공릉건설,노원구,37.6264058,127.0786623,02-972-8285,노원경찰서,공릉2동,서울 노원구 공릉로 187
CU하계한신,노원구,37.6399026,127.0738093,02-977-2590,노원경찰서,하계1동,서울 노원구 노원로 248
CU공릉마중,노원구,37.623019,127.0731103,02-977-4007,노원경찰서,공릉1동,서울 노원구 동일로183길 9
CU중계주공,노원구,37.64866273,127.0775979,02-937-9634,노원경찰서,중계본동,서울 노원구 한글비석로8길 41
CU서울여대후문,노원구,37.6239499,127.0896879,02-976-5992,노원경찰서,공릉2동,서울 노원구 화랑로51길 18
CU하계을지병원,노원구,37.6355185,127.0708771,02-954-5834,노원경찰서,하계1동,서울 노원구 공릉로 321
CU노원상계중앙,노원구,37.67412184,127.0569034,02-935-8984,노원경찰서,상계1동,서울 노원구 동일로238길 26
세븐일레븐공릉점,노원구,37.61930125,127.0778185,02-971-0831,노원경찰서,공릉1동,서울 노원구 공릉로 101
세븐일레븐상계4호점,노원구,37.6532418,127.0590584,02-937-5907,노원경찰서,상계6.7동,서울 노원구 동일로217가길 23
세븐일레븐중계은행서거리,노원구,37.65116042,127.0773376,02-930-9441,노원경찰서,중계본동,서울 노원구 한글비석로 264
CU 관악미림점,관악구,37.4677522,126.9321527,02-883-1032,관악경찰서,대학동,서울 관악구 호암로20길 1
CU 관악브라운점,관악구,37.48702011,126.9568493,02-887-3831,관악경찰서,성현동,서울 관악구 관악로29길 6-14
CU 관악샛별점,관악구,37.4846021,126.911933,02-830-6288,관악경찰서,조원동,서울 관악구 조원로 87
CU 관악에스식스점,관악구,37.4715575,126.9312811,02-882-6925,관악경찰서,삼성동,서울 관악구 양지5길 2
CU 관악진우점,관악구,37.482738,126.921302,02-865-5258,관악경찰서,미성동,서울 관악구 남부순환로 1536
CU 낙성대역점,관악구,37.4758259,126.9642028,02-877-7084,관악경찰서,인헌동,서울 관악구 봉천로 604-1
GS25 동대문구청점,동대문구,37.5749266,127.0404721,02-963-6034,동대문경찰서,용신동,서울 동대문구 고산자로28길 39
GS25 휘경럭키점,동대문구,37.58791222,127.0562145,02-2244-8652,동대문경찰서,휘경2동,서울 동대문구 전농로38길 89
미니스톱 장안벤처빌점,동대문구,37.56880089,127.0688036,,동대문경찰서,장안1동,서울 동대문구 한천로24길 74-1
미니스톱 장안쉐르빌점,동대문구,37.5706525,127.0694799,,동대문경찰서,장안1동,서울 동대문구 장한로23길 11-8
미니스톱 장안3점,동대문구,37.56542702,127.063318,02-2215-4237,동대문경찰서,장안1동,서울 동대문구 천호대로77길 84
미니스톱 휘경주공점,동대문구,37.5831305,127.0685848,02-2215-8407,동대문경찰서,휘경2동,서울 동대문구 한천로 250
세븐일레븐 경희대2호점,동대문구,37.59162225,127.0528759,02-957-0853,동대문경찰서,회기동,서울 동대문구 회기로 147
세븐일레븐 경희대3호점,동대문구,37.5981437,127.0556804,02-957-4481,동대문경찰서,이문1동,서울 동대문구 천장산로7길 39
세븐일레븐 동대문경남점,동대문구,37.5694129,127.0714261,02-2212-1076,동대문경찰서,장안2동,서울 동대문구 장한로22길 19
세븐일레븐 동대문답십리점,동대문구,37.57330133,127.0570656,02-2215-3371,동대문경찰서,답십리1동,서울 동대문구 전농로 91
세븐일레븐 서울이문로점,동대문구,37.60473271,127.061856,02-960-1808,동대문경찰서,이문2동,서울 동대문구 이문로 203
세븐일레븐 신제기점,동대문구,37.5786393,127.0331255,02-921-8245,동대문경찰서,제기동,서울 동대문구 왕산로19나길 3
세븐일레븐 외대앞역점,동대문구,37.5953466,127.0633266,02-957-9723,동대문경찰서,이문1동,서울 동대문구 휘경로 29-5
세븐일레븐 장안썬앤빌점,동대문구,37.5691153,127.0693412,02-2212-5174,동대문경찰서,장안1동,서울 동대문구 장한로 91
세븐일레븐 장안해피트리점,동대문구,37.56374399,127.0632703,02-2217-0111,동대문경찰서,장안1동,서울 동대문구 천호대로79길 30
세븐일레븐 전농점,동대문구,37.57531361,127.0458603,02-2217-2427,동대문경찰서,전농1동,서울 동대문구 서울시립대로 31
세븐일레븐 경희기숙사점,동대문구,37.5942077,127.0565432,,동대문경찰서,이문1동,서울 동대문구 이문로9길 46
GS25 답십리청마루점,동대문구,37.57304444,127.0658824,,동대문경찰서,답십리2동,서울 동대문구 답십리로59길 6
CU 강남거평타운점,강남구,37.5059169,127.0283077,02-542-6851,강남경찰서,논현1동,서울 강남구 봉은사로 129
CU 강남시티점,강남구,37.5043533,127.0446413,02-567-1844,강남경찰서,역삼1동,서울 강남구 선릉로93길 50
쌍문정의점,도봉구,37.6522234,127.0352683,02-903-0929,도봉경찰서,쌍문2동,서울 도봉구 도봉로121길 22
쌍문제일점,도봉구,37.6498737,127.0237886,02-990-4275,도봉경찰서,쌍문1동,서울 도봉구 우이천로34길 24
쌍문중앙점,도봉구,37.648386,127.0312101,02-900-1501,도봉경찰서,쌍문3동,서울 도봉구 도봉로113길 54
쌍문프라자점,도봉구,37.6564933,127.0328549,02-900-0153,도봉경찰서,쌍문4동,서울 도봉구 해등로25길 32
창동미소점,도봉구,37.6532901,127.0452114,02-904-0133,도봉경찰서,창5동,서울 도봉구 노해로63가길 14
창동중앙점,도봉구,37.646124,127.0375387,02-992-6950,도봉경찰서,창2동,서울 도봉구 도봉로110길 72
창동푸르지오점,도봉구,37.6421226,127.038762,02-998-7818,도봉경찰서,창2동,서울 도봉구 덕릉로59아길 30
창동프라자점,도봉구,37.6525237,127.0489497,02-906-7020,도봉경찰서,창4동,서울 도봉구 마들로11가길 16
창동현대점,도봉구,37.66164247,127.046381,02-994-2678,도봉경찰서,창4동,서울 도봉구 도봉로136길 111
방학,도봉구,37.6680715,127.0342652,02-3493-5800,도봉경찰서,방학2동,서울 도봉구 시루봉로 219
쌍문보람,도봉구,37.6561646,127.0373774,02-906-4370,도봉경찰서,쌍문2동,서울 도봉구 도봉로125길 84
창동성원점,도봉구,37.6448299,127.037509,02-997-8955,도봉경찰서,창2동,서울 도봉구 도봉로106길 86
방학명문,도봉구,37.6674182,127.0411018,02-956-5775,도봉경찰서,방학1동,서울 도봉구 도당로 133
쌍문성원,도봉구,37.6586956,127.0280376,02-902-1126,도봉경찰서,쌍문4동,서울 도봉구 시루봉로 88
도봉방학점,도봉구,37.6692727,127.0408002,02-956-7050,도봉경찰서,방학1동,서울 도봉구 도당로27길 43
도봉산길점,도봉구,37.6875513,127.0444084,02-954-4034,도봉경찰서,도봉1동,서울 도봉구 도봉산길 12
도봉창2동점,도봉구,37.6456141,127.0385402,02-907-3618,도봉경찰서,창2동,서울 도봉구 도봉로108길 84
방학신우점,도봉구,37.6628276,127.033066,02-955-0921,도봉경찰서,방학2동,서울 도봉구 방학로10길 10
창동3호점,도봉구,37.6456701,127.0538303,02-906-4965,도봉경찰서,창4동,서울 도봉구 덕릉로 404
창동점,도봉구,37.6432188,127.038051,02-903-9158,도봉경찰서,창2동,서울 도봉구 덕릉로63가길 42
세븐일레븐 쌍문점,도봉구,37.6515523,127.0129588,02-900-4081,도봉경찰서,쌍문1동,서울 도봉구 삼양로 542
세븐일레븐 도봉하늘채점,도봉구,37.64788572,127.0240723,,도봉경찰서,쌍문1동,서울 도봉구 우이천로 367
덕성여대점,도봉구,37.6516418,127.0135356,02-991-1562,도봉경찰서,쌍문1동,서울 도봉구 삼양로144길 11
도봉가든점,도봉구,37.6869341,127.0406318,02-956-9552,도봉경찰서,도봉1동,서울 도봉구 도봉산길 43
방학중앙점,도봉구,37.6664411,127.0323379,02-955-9483,도봉경찰서,방학2동,서울 도봉구 시루봉로 194
쌍문꽃동네점,도봉구,37.6515842,127.0233967,02-900-4694,도봉경찰서,쌍문1동,서울 도봉구 우이천로38길 51
세븐일레븐올림픽점,송파구,37.515763,127.1310621,02-401-2282,방이지구대,오륜동,서울 송파구 양재대로 1222
세븐일레븐잠실1호점,송파구,37.5064266,127.0814057,02-425-4851,잠실지구대,잠실본동,서울 송파구 백제고분로 127
세븐일레븐잠실광장점,송파구,37.50634466,127.0887648,02-412-9411,잠실지구대,잠실본동,서울 송파구 삼전로9길 6
세븐일레븐장지대진점,송파구,37.47743388,127.1273594,02-403-8767,문정지구대,장지동,서울 송파구 충민로2길 26
세븐일레븐풍납점,송파구,37.52977728,127.114631,02-474-5874,풍납파출소,풍납2동,서울 송파구 토성로 40
세븐일레븐훼미리점,송파구,37.48812548,127.111059,02-448-2116,문정지구대,문정2동,서울 송파구 중대로 24
씨스페이스잠실점,송파구,37.505325,127.080798,02-413-3986,잠실지구대,잠실본동,서울 송파구 백제고분로12길 10
GS25,강서구,37.5287591,126.840315,,강서경찰서,화곡1동,서울 강서구 곰달래로16길 29
GS25,강서구,37.529105,126.8389811,,강서경찰서,화곡1동,서울 강서구 월정로 112
GS25,강서구,37.52855758,126.843124,,강서경찰서,화곡1동,서울 강서구 강서로5나길 90
GS25,강서구,37.53258933,126.844222,,강서경찰서,화곡1동,서울 강서구 강서로17길 29
CU,강서구,37.528809,126.8417698,,강서경찰서,화곡1동,서울 강서구 강서로7길 107
CU,강서구,37.5283672,126.8395427,02-2604-0502,강서경찰서,화곡1동,서울 강서구 월정로 102
CU,강서구,37.53413507,126.841908,,강서경찰서,화곡1동,서울 강서구 가로공원로84길 82
CU,강서구,37.53413507,126.841908,,강서경찰서,화곡1동,서울 강서구 가로공원로84길 82
GS25석촌한빛점,송파구,37.5015088,127.101271,02-416-9146,삼전지구대,석촌동,서울 송파구 가락로5길 25
GS25송파센타점,송파구,37.506936,127.1080702,02-413-9815,방이지구대,송파1동,서울 송파구 백제고분로41길 9
GS25송파위례점,송파구,37.47686666,127.1382162,02-404-6540,문정지구대,위례동,서울 송파구 위례광장로 121
GS25송파일신점,송파구,37.50102092,127.114575,02-424-1571,방이지구대,송파2동,서울 송파구 송파대로36가길 1
GS25오금후레쉬점,송파구,37.502123,127.1338114,02-403-2526,오금파출소,오금동,서울 송파구 동남로23길 29
GS25위례푸르지오점,송파구,37.48020939,127.13976,02-404-3544,문정지구대,위례동,서울 송파구 위례광장로 185
GS25잠실경기장점,송파구,37.51619977,127.0759403,02-413-5770,잠실지구대,잠실2동,서울 송파구 올림픽로 25
미니스톱방이본점,송파구,37.511358,127.114276,02-417-3188,방이지구대,방이2동,서울 송파구 백제고분로48길 10
미니스톱방이올림픽점,송파구,37.515261,127.113569,02-417-4518,방이지구대,방이2동,서울 송파구 오금로11길 59
미니스톱삼전점,송파구,37.502913,127.089247,02-418-1237,삼전지구대,삼전동,서울 송파구 백제고분로22길 9
미니스톱송파삼성점,송파구,37.5058044,127.117623,02-3432-3325,방이지구대,송파2동,서울 송파구 가락로28길 15
세븐일레븐가락송이점,송파구,37.492723,127.1249067,02-431-0711,가락지구대,가락본동,서울 송파구 송이로 160
세븐일레븐가락점,송파구,37.49671014,127.122109,02-401-3002,가락지구대,가락본동,서울 송파구 송이로 111
세븐일레븐개롱점,송파구,37.496642,127.1366016,02-449-0711,가락지구대,가락2동,서울 송파구 오금로46길 3
세븐일레븐문정공원점,송파구,37.485352,127.1260251,02-400-4205,문정지구대,문정1동,서울 송파구 문정로4길 10
세븐일레븐문정하비오2호점,송파구,37.47966739,127.124912,02-400-1372,문정지구대,문정2동,서울 송파구 송파대로 111
세븐일레븐석촌3호점,송파구,37.504247,127.105601,02-412-6496,문정지구대,석촌동,서울 송파구 백제고분로 354
세븐일레븐석촌불광점,송파구,37.507409,127.103232,02-417-6794,삼전지구대,석촌동,서울 송파구 백제고분로39길 38
세븐일레븐송파4호점,송파구,37.506647,127.0938843,02-2203-0518,삼전지구대,삼전동,서울 송파구 백제고분로27길 41
세븐일레븐송파거여점,송파구,37.491931,127.144542,02-431-8880,거여파출소,거여2동,서울 송파구 양산로8길 5
세븐일레븐송파구청본점,송파구,37.513524,127.109971,02-412-0348,방이지구대,방이2동,서울 송파구 올림픽로32길 29
세븐일레븐송파석촌점,송파구,37.501737,127.0986029,02-412-1645,삼전지구대,석촌동,서울특별시 송파구 백제고분로34길
세븐일레븐송파역점,송파구,37.5001123,127.112449,02-412-5417,방이지구대,송파2동,서울 송파구 송파대로38길 2-9
세븐일레븐송파점,송파구,37.503324,127.115816,02-419-7033,방이지구대,송파2동,서울 송파구 송이로 18
세븐일레븐송파중앙점,송파구,37.50771698,127.084931,02-412-4210,잠실지구대,잠실본동,서울 송파구 삼전로13길 49
세븐일레븐송파초교점,송파구,37.50734153,127.111658,02-422-7097,방이지구대,송파동,서울특별시 송파구 백제고분로44길
세븐일레븐신천본점,송파구,37.50961809,127.0824303,02-419-3542,잠실지구대,잠실본동,서울 송파구 백제고분로9길 30
세븐일레븐신천제일점,송파구,37.509716,127.0840004,02-418-5390,잠실지구대,잠실본동,서울 송파구 백제고분로7길 42-25
세븐일레븐오금현대점,송파구,37.50450733,127.127372,02-400-1731,오금파출소,오금동,서울특별시 송파구 오금로35길18
미니스톱 동부이촌점,용산구,37.51868,126.980669,02-749-1371,이촌파출소,이촌1동,서울 용산구 이촌로 303
세븐일레븐 산천점,용산구,37.53444698,126.9516885,02-719-8691,원효지구대,원효로2동,서울 용산구 효창원로 18
세븐일레븐 용산만리재점,용산구,37.55326449,126.9648267,02-701-5196,원효지구대,청파동,서울 용산구 만리재로 164
세븐일레븐 용산아이파크몰점,용산구,37.529701,126.964382,02-2012-1313,용산역파출소,한강로동,서울 용산구 한강대로23길 55
세븐일레븐 용산아크로타워점,용산구,37.537093,126.9688,02-711-0703,원효지구대,원효로1동,서울 용산구 백범로90길 26
세븐일레븐 용산후암진흥점,용산구,37.548541,126.9775575,02-318-3153,용중지구대,후암동,서울 용산구 후암로 29
세븐일레븐 한남UN점,용산구,37.534208,127.010074,02-792-5860,한남파출소,한남동,서울 용산구 독서당로 86
세븐일레븐 청파제일점,용산구,37.549856,126.969205,02-701-2817,원효지구대,청파동,서울 용산구 청파로73길 7
세븐일레븐 보광우사단로점,용산구,37.530555,126.9974024,02-790-2848,보광파출소,보광동,서울 용산구 우사단로2길 12
세븐일레븐 용산서부이촌점,용산구,37.527295,126.954221,02-701-0618,용산역파출소,이촌2동,서울 용산구 이촌로14길 11-6
세븐일레븐 숙대사랑점,용산구,37.54643927,126.96741,02-714-5315,원효지구대,청파동,서울 용산구 청파로47나길 35
CU가락극동점,송파구,37.494746,127.131939,02-424-8808,가락지구대,가락2동,서울 송파구 동남로18길 14
CU문정공원점,송파구,37.48841389,127.131951,02-3012-8664,문정지구대,장지동,서울 송파구 송이로31길 6
CU방이가락로점,송파구,37.51203564,127.1209665,02-412-1213,방이지구대,방이1동,서울 송파구 가락로42길 14
CU방이방산점,송파구,37.51032707,127.1212141,02-424-2100,방이지구대,방이1동,서울 송파구 마천로 2
CU오금공원점,송파구,37.5045019,127.134721,02-431-6772,오금파출소,오금동,서울 송파구 마천로 138
CU잠실갤러리아점,송파구,37.5106905,127.094199,02-421-6103,잠실지구대,잠실3동,서울 송파구 올림픽로 212
CU잠실현대점,송파구,37.5040051,127.086217,02-418-1286,잠실지구대,잠실본동,서울 송파구 백제고분로20길 7-1
GS25마천공원점,송파구,37.499875,127.1482013,02-403-7612,마천파출소,마천2동,서울 송파구 거마로24길 5
GS25문정바른점,송파구,37.480231,127.126962,02-2043-8359,문정지구대,장지동,서울 송파구 새말로8길 27
GS25문정중앙점,송파구,37.48550626,127.1245773,02-449-4575,문정지구대,문정1동,서울 송파구 문정로4길 10-30
GS25문정퍼스트점,송파구,37.484325,127.1306049,02-406-0311,문정지구대,장지동,서울 송파구 새말로 154
GS25방이도곡점,송파구,37.512127,127.112776,02-3431-5578,방이지구대,방이2동,서울 송파구 올림픽로32길 59
GS25방이번영점,송파구,37.5100385,127.1249231,02-416-3677,방이지구대,방이1동,서울 송파구 위례성대로18길 28
GS25방이시장점,송파구,37.51032051,127.1170186,02-415-3669,방이지구대,방이2동,서울 송파구 백제고분로48길 38
GS25삼전나루점,송파구,37.5065047,127.091407,02-3431-7113,삼전지구대,삼전동,서울 송파구 백제고분로21길 34
GS25삼전백제점,송파구,37.50322913,127.0955015,02-6084-8089,삼전지구대,삼전동,서울 송파구 삼학사로13길 13
GS25삼전학교점,송파구,37.49932235,127.0909501,02-420-4448,삼전지구대,삼전동,서울 송파구 백제고분로28길 41
CU 용산자이점,용산구,37.53507235,126.9476422,02-711-5386,원효지구대,원효로2동,서울 용산구 삼개로 60
CU 용산한강로점,용산구,37.53152,126.9691452,02-795-4163,용산역파출소,한강로동,서울 용산구 한강대로43길 13
CU 용산한강진,용산구,37.537842,127.002029,02-749-1451,한남파출소,한남동,서울 용산구 이태원로54길 11
CU 용산한남점,용산구,37.54245411,127.0027066,02-749-3930,한남파출소,한남동,서울 용산구 한남대로 158
CU 용산해방촌점,용산구,37.54192366,126.987162,02-749-4634,용중지구대,용산2가동,서울 용산구 신흥로7길 1
CU 원효대로점,용산구,37.53442501,126.9604231,02-702-7773,원효지구대,원효로2동,서울 용산구 원효로 154
CU 원효로2가점,용산구,37.534914,126.963302,02-717-7539,원효지구대,원효로1동,서울 용산구 원효로58길 28
CU 이태원햇살점,용산구,37.53689984,126.988708,02-790-9413,이태원파출소,이태원2동,서울 용산구 녹사평대로40나길 53
CU 이태원힐점,용산구,37.53150514,126.9967371,02-790-6455,이태원파출소,이태원1동,서울 용산구 우사단로4길 1
CU 한강로벽산점,용산구,37.53258251,126.9697512,02-3215-8989,용산역파출소,한강로동,서울 용산구 한강대로43길 8
CU 동부이촌점,용산구,37.51938587,126.9750279,02-792-2686,이촌파출소,이촌1동,서울 용산구 이촌로 248
GS25 보광사랑,용산구,37.52916619,127.000239,02-798-3725,보광파출소,보광동,서울 용산구 장문로45길 73
GS25 용산그린,용산구,37.545516,126.9739193,02-771-3583,용중지구대,남영동,서울 용산구 두텁바위로 13
GS25 이촌무궁화점,용산구,37.517876,126.9708521,02-790-2533,이촌파출소,이촌1동,서울 용산구 이촌로72길 62
미니스톱 서울역점,용산구,37.55486577,126.968776,02-3275-3220,원효지구대,청파동,서울 용산구 청파로 395
미니스톱 용산시티점,용산구,37.52476873,126.9686095,02-3785-1175,한강로파출소,한강로동,서울 용산구 서빙고로 35
미니스톱 원효로점,용산구,37.53602214,126.962105,02-711-3073,원효지구대,원효로1동,서울 용산구 원효로53길 8
CU 장안포레스트점,동대문구,37.56136882,127.069915,02-2214-6696,동대문경찰서,장안1동,서울 동대문구 천호대로97길 9
CU 용두대박점,동대문구,37.5757008,127.0324424,02-929-3848,동대문경찰서,용신동,서울 동대문구 천호대로17길 38
GS25 답십리한신점,동대문구,37.5699021,127.0627579,02-2215-8715,동대문경찰서,답십리2동,서울 동대문구 한천로17길 23
GS25 동대문용두점,동대문구,37.57560357,127.0414094,02-959-3423,동대문경찰서,용신동,서울 동대문구 천호대로31길 50
GS25 동대문장안점,동대문구,37.57514219,127.0716385,02-2213-2524,동대문경찰서,장안2동,서울 동대문구 장한로 165
GS25 장안스타점,동대문구,37.5624751,127.068481,02-3394-8869,동대문경찰서,장안1동,서울 동대문구 천호대로89길 16
GS25 장안햇살점,동대문구,37.5675314,127.0679799,02-3390-4753,동대문경찰서,장안1동,서울 동대문구 장한로17길 9
GS25 전농삼성점,동대문구,37.5795082,127.0596027,02-2215-0178,동대문경찰서,전농2동,서울 동대문구 사가정로13가길 29
GS25 제기정화점,동대문구,37.5851525,127.0414719,02-962-9569,동대문경찰서,제기동,서울 동대문구 제기로20길 32
GS25 경희프라자점,동대문구,37.59377476,127.0507412,02-959-2524,동대문경찰서,회기동,서울 동대문구 경희대로 23
GS25 동대문신설점,동대문구,37.5776371,127.0256074,02-1644-5425,동대문경찰서,용신동,서울 동대문구 한빛로 24
CU 경동사거리점,동대문구,37.5774366,127.0374431,02-959-2391,동대문경찰서,용신동,서울 동대문구 천호대로27길 73
CU 고대어진재점,동대문구,37.59100885,127.037913,,동대문경찰서,제기동,서울 동대문구 회기로 14
CU 답십리대림점,동대문구,37.57090063,127.0648502,02-2244-7232,동대문경찰서,답십리2동,서울 동대문구 한천로 107-3
CU 답십리매트로점,동대문구,37.56950217,127.0503244,02-2249-9517,동대문경찰서,답십리1동,서울 동대문구 고미술로 16
CU 신설교보점,동대문구,37.5758464,127.0248441,02-921-6475,동대문경찰서,용신동,서울 동대문구 왕산로 10
CU 신설베르빌점,동대문구,37.57460005,127.0263082,02-921-2728,동대문경찰서,용신동,서울 동대문구 천호대로 23
CU 용두래미안점,동대문구,37.57463541,127.0375523,,동대문경찰서,용신동,서울 동대문구 천호대로27길 10
CU 용두안암점,동대문구,37.5777569,127.0279303,070-4189-6873,동대문경찰서,용신동,서울 동대문구 무학로37길 42
CU 용두으뜸점,동대문구,37.5812094,127.0278095,,동대문경찰서,용신동,서울 동대문구 안암로 52
CU 용두허브리츠점,동대문구,37.5764547,127.036606,02-968-1982,동대문경찰서,용신동,서울 동대문구 왕산로26길 35
CU 장안쉐르빌점,동대문구,37.5714298,127.0691845,02-2213-7111,동대문경찰서,장안1동,서울 동대문구 답십리로68길 24
CU 제기원룸점,동대문구,37.58620513,127.0343529,,동대문경찰서,제기동,서울 동대문구 제기로6길 4
세븐일레븐 연신내점,은평구,37.6171731,126.9232223,02-351-6234,은평경찰서,불광1동,서울 은평구 통일로 822
세븐일레븐 응암중앙점,은평구,37.5870614,126.9202122,02-351-6234,은평경찰서,응암3동,서울 은평구 가좌로7길 6
세븐일레븐 연신내행복점,은평구,37.62005135,126.9216732,02-351-6234,은평경찰서,불광2동,서울 은평구 통일로80길 9
세븐일레븐 구산연서로점,은평구,37.6076444,126.9135929,02-351-6234,은평경찰서,구산동,서울 은평구 연서로9길 14
세븐일레븐 응암제일점,은평구,37.59347018,126.9168435,02-351-6234,은평경찰서,응암3동,서울 은평구 가좌로10길 29
세븐일레븐 은평행운점,은평구,37.64197358,126.9182267,02-351-6234,은평경찰서,진관동,서울 은평구 진관3로 15-35
CU 당산중앙점,영등포구,37.535542,126.902427,02-2068-8496,영등포경찰서,당산2동,서울 영등포구 당산로49길 6
CU 대림디지털점,영등포구,37.492568,126.9036604,02-831-7091,영등포경찰서,대림1동,서울 영등포구 디지털로 404
CU 문래한신점,영등포구,37.51713467,126.8933186,02-2632-0026,영등포경찰서,문래동,서울 영등포구 문래로20길 14
CU 선유도역점,영등포구,37.53980867,126.8946576,02-2062-5266,영등포경찰서,양평2동,서울 영등포구 양평로22길 21
CU 신길오피스점,영등포구,37.517311,126.9132052,02-2671-3218,영등포경찰서,영등포동1가,서울특별시 영등포구 경인로114나길
CU 여의도아이비점,영등포구,37.52020495,126.9318022,02-780-9227,영등포경찰서,여의동,서울 영등포구 국제금융로 86
CU 여의동산점,영등포구,37.521033,126.9343081,02-783-8400,영등포경찰서,여의동,서울 영등포구 여의대방로 417
GS25 당산양남점,영등포구,37.52320971,126.891845,02-2636-7211,영등포경찰서,당산1동,서울 영등포구 선유동1로 12-1
GS25 대림본점,영등포구,37.48881902,126.902996,02-848-5070,영등포경찰서,대림2동,서울 영등포구 디지털로54가길 2
GS25 대림역점,영등포구,37.493751,126.895409,02-832-5931,영등포경찰서,대림3동,서울 영등포구 대림로29길 43
GS25 대림으뜸점,영등포구,37.494474,126.898262,02-848-1964,영등포경찰서,대림3동,서울 영등포구 도림로41길 6
GS25 동여의점,영등포구,37.5201347,126.9288023,02-785-2524,영등포경찰서,여의동,서울 영등포구 여의대방로65길 23
GS25 문래LG점,영등포구,37.517425,126.8964798,02-2633-4993,영등포경찰서,문래동,서울 영등포구 당산로 34
GS25 문래공원점,영등포구,37.51443934,126.893816,02-2633-6262,영등포경찰서,문래동,서울 영등포구 도림로 441-1
CU 선정송이점,은평구,37.61715587,126.9095737,02-351-6234,은평경찰서,갈현2동,서울 은평구 서오릉로20길 20-1
CU 응암에이스점,은평구,37.58530916,126.9182957,02-351-6234,은평경찰서,응암3동,서울 은평구 가좌로7다길 7
GS25 구산가온점,은평구,37.61358055,126.9082312,02-351-6234,은평경찰서,구산동,서울 은평구 서오릉로17길 18
GS25 녹번점,은평구,37.60734825,126.9324542,02-351-6234,은평경찰서,녹번동,서울 은평구 통일로 685
GS25 불광래미안점,은평구,37.61155931,126.9376447,02-351-6234,은평경찰서,불광1동,서울 은평구 진흥로 267-16
GS25 불광역점,은평구,37.61230099,126.9286073,02-351-6234,은평경찰서,불광1동,서울 은평구 통일로 750
GS25 역촌진흥점,은평구,37.60482774,126.9182206,02-351-6234,은평경찰서,역촌동,서울 은평구 진흥로1길 49
GS25 연신내제일점,은평구,37.61685167,126.9208162,02-351-6234,은평경찰서,대조동,서울 은평구 연서로26길 11
GS25 은평보람점,은평구,37.61531867,126.9152013,02-351-6234,은평경찰서,갈현2동,서울 은평구 연서로21길 24-1
GS25 은평영화점,은평구,37.61815699,126.9179051,02-351-6234,은평경찰서,갈현2동,서울 은평구 연서로27길 14
GS25 응암역점,은평구,37.59936569,126.9155036,02-351-6234,은평경찰서,역촌동,서울 은평구 연서로 1
GS25 불광타운점,은평구,37.62158522,126.9261705,02-351-6234,은평경찰서,불광2동,서울 은평구 연서로 289
GS25 은평불광점,은평구,37.62058815,126.9250096,02-351-6234,은평경찰서,불광1동,서울 은평구 연서로 274
GS25 연신내으뜸점,은평구,37.61816532,126.9206596,02-351-6234,은평경찰서,대조동,서울 은평구 연서로28길 6
GS25 신사드림점,은평구,37.60116576,126.9130331,02-351-6234,은평경찰서,신사1동,서울 은평구 갈현로4길 26
GS25 은평뉴타운점,은평구,37.63433943,126.9269975,02-351-6234,은평경찰서,진관동,서울 은평구 진관2로 77
GS25 갈현파크점,은평구,37.61746128,126.9135956,02-351-6234,은평경찰서,갈현2동,서울 은평구 갈현로25길 14
GS25 불광힐스테이트점,은평구,37.61564548,126.9254334,02-351-6234,은평경찰서,불광1동,서울 은평구 통일로 796
GS25 은평진관점,은평구,37.64451513,126.9253302,02-351-6234,은평경찰서,진관동,서울 은평구 진관4로 37
미니스톱 연신내동명점,은평구,37.61705831,126.9218596,02-351-6234,은평경찰서,대조동,서울 은평구 연서로28길 20-1
세븐일레븐 불광중앙점,은평구,37.61796004,126.923937,02-351-6234,은평경찰서,불광1동,서울 은평구 통일로78길 12-4
세븐일레븐 논현12호점,강남구,37.5111526,127.025632,02-3445-6193,강남경찰서,논현1동,서울 강남구 강남대로128길 48
세븐일레븐 논현13호점,강남구,37.5170337,127.0375091,02-516-8286,강남경찰서,논현2동,서울 강남구 학동로43길 14
세븐일레븐 논현경복점,강남구,37.51056769,127.039335,02-512-2970,강남경찰서,논현2동,서울 강남구 봉은사로43길 21
세븐일레븐 대치10호점,강남구,37.4994391,127.0535637,02-501-9386,수서경찰서,대치4동,서울 강남구 역삼로64길 25
세븐일레븐 대치6호점,강남구,37.50471783,127.055754,02-3453-4752,수서경찰서,대치4동,서울 강남구 삼성로85길 19
세븐일레븐 대치선릉로점,강남구,37.50320174,127.0531092,02-501-9035,강남경찰서,대치4동,서울 강남구 테헤란로68길 33
세븐일레븐 대치점,강남구,37.49571728,127.0686391,02-562-5921,수서경찰서,대치2동,서울 강남구 삼성로 150
세븐일레븐 삼성10호점,강남구,37.5139612,127.048401,02-548-3684,강남경찰서,삼성2동,서울 강남구 삼성로115길 46
세븐일레븐 삼성8호점,강남구,37.51213153,127.046847,02-3443-4789,강남경찰서,삼성2동,서울 강남구 봉은사로63길 11
세븐일레븐 삼성동래미안점,강남구,37.51566482,127.043345,02-546-7500,강남경찰서,삼성2동,서울 강남구 선릉로130길 20
세븐일레븐 세븐포이3호점,강남구,37.489014,127.073855,02-571-4934,수서경찰서,개포2동,서울 강남구 개포로 지하 522
세븐일레븐 역삼22호점,강남구,37.497325,127.044262,02-568-5803,강남경찰서,역삼2동,서울 강남구 언주로71길 9
세븐일레븐 역삼8호점,강남구,37.5019276,127.0267351,02-3452-9302,강남경찰서,역삼1동,서울 강남구 강남대로102길 11
세븐일레븐 역삼진선점 B,강남구,37.5028306,127.048825,02-555-2850,강남경찰서,역삼2동,서울 강남구 선릉로85길 8
세븐일레븐 역삼타운점 B,강남구,37.4969468,127.0309047,02-563-8307,강남경찰서,역삼1동,서울 강남구 강남대로84길 28
세븐일레븐 청담루나점,강남구,37.5201056,127.056051,02-540-7632,강남경찰서,청담동,서울 강남구 학동로 523
씨스페이스 삼성1점,강남구,37.5151298,127.0606594,02-546-5543,수서경찰서,삼성1동,서울 강남구 영동대로112길 5
미니스톱 논현한바위점,강남구,37.50685922,127.0257676,02-516-5424,강남경찰서,논현1동,서울 강남구 강남대로118길 30
세븐일레븐 대치으뜸점,강남구,37.50406664,127.0596522,02-508-8248,강남경찰서,대치2동,서울 강남구 삼성로76길 16
세븐일레븐 KT강남점,강남구,37.50433183,127.0415199,02-501-8929,강남경찰서,역삼1동,서울 강남구 언주로 517
CU 논현강남점,강남구,37.5171263,127.038928,02-543-6794,강남경찰서,논현2동,서울 강남구 선릉로131길 25
CU 논현한미점,강남구,37.507432,127.033347,02-3448-3500,강남경찰서,논현1동,서울 강남구 봉은사로 179
CU 대치동부점,강남구,37.50562267,127.055221,02-557-3112,수서경찰서,대치4동,서울 강남구 테헤란로78길 8
CU 대치메트로칸점,강남구,37.5068062,127.0594495,02-508-7822,수서경찰서,대치2동,서울 강남구 테헤란로88길 10
CU 대치세정점,강남구,37.5026175,127.059118,02-508-6562,수서경찰서,대치2동,서울 강남구 삼성로 348
CU 대치예영점,강남구,37.4998355,127.059663,02-566-5206,수서경찰서,대치4동,서울 강남구 삼성로63길 5
CU 대치우일점,강남구,37.5011164,127.050858,02-508-1082,수서경찰서,대치4동,서울 강남구 선릉로 406
CU 대치태양점,강남구,37.49912587,127.052486,02-555-2817,수서경찰서,대치4동,서울 강남구 선릉로68길 9
CU 대치한국점,강남구,37.5032613,127.050312,02-501-9691,수서경찰서,대치4동,서울 강남구 선릉로86길 7
CU 도곡아이파크점,강남구,37.4920697,127.0421146,02-542-1003,수서경찰서,도곡1동,서울 강남구 도곡로28길 8
CU 선릉SK허브점,강남구,37.50343413,127.0491058,02-556-6606,강남경찰서,역삼2동,서울 강남구 선릉로 431
CU 선정릉역점,강남구,37.5108229,127.0447138,02-3443-6240,강남경찰서,삼성2동,서울 강남구 봉은사로 409
CU 신사현대점,강남구,37.5272065,127.0301094,02-563-9677,강남경찰서,압구정동,서울 강남구 논현로176길 20
CU 역삼가화점,강남구,37.4960087,127.0426913,02-562-0932,강남경찰서,역삼2동,서울 강남구 역삼로34길 19
CU 역삼건화점,강남구,37.4934452,127.041948,02-501-4023,강남경찰서,역삼2동,서울 강남구 논현로64길 18
CU 역삼경남점,강남구,37.50056793,127.042336,02-569-8795,강남경찰서,역삼2동,서울 강남구 언주로85길 13
CU 역삼벚꽃길점,강남구,37.49134037,127.0352301,02-564-0601,강남경찰서,역삼1동,서울 강남구 도곡로7길 8
CU 역삼사랑점,강남구,37.50700526,127.040809,02-3453-0996,강남경찰서,역삼1동,서울 강남구 언주로104길 6
CU 역삼시티점,강남구,37.4998502,127.030312,02-554-4838,강남경찰서,역삼1동,서울 강남구 테헤란로7길 11
CU 역삼에클라트점,강남구,37.498524,127.0350122,02-5475-0601,강남경찰서,역삼1동,서울 강남구 테헤란로20길 19
CU 역삼유토빌점,강남구,37.498821,127.033588,02-557-5700,강남경찰서,역삼1동,서울 강남구 논현로87길 41
CU 역삼점,강남구,37.5047409,127.046954,02-539-0456,강남경찰서,역삼1동,서울 강남구 테헤란로51길 10
CU 역삼카이로스점,강남구,37.49171982,127.031564,02-568-0840,강남경찰서,역삼1동,서울 강남구 강남대로66길 8
CU 역삼타운점,강남구,37.49870801,127.0430309,02-554-9418,강남경찰서,역삼2동,서울 강남구 언주로75길 16
CU 역삼포스틸점,강남구,37.4990484,127.034161,02-553-2891,강남경찰서,역삼1동,서울 강남구 테헤란로20길 10
CU 역삼푸르지오점,강남구,37.4969176,127.046391,02-558-4262,강남경찰서,역삼2동,서울 강남구 언주로70길 10
CU 역삼푸른점,강남구,37.490414,127.032327,02-563-8832,강남경찰서,역삼1동,서울 강남구 도곡로1길 7
CU 역삼하나점,강남구,37.50430796,127.034133,02-557-6606,강남경찰서,역삼1동,서울 강남구 테헤란로25길 59
CU 역삼형지점,강남구,37.4944237,127.0396056,02-568-1804,강남경찰서,역삼1동,서울 강남구 논현로 327
CU 역삼화랑점,강남구,37.49471298,127.0376559,02-562-6423,강남경찰서,역삼1동,서울 강남구 역삼로20길 9
CU 큰길타워점,강남구,37.50240018,127.040674,02-554-0208,강남경찰서,역삼1동,서울 강남구 테헤란로 223
GS25 강남나누리점,강남구,37.5199548,127.0334065,02-541-7654,강남경찰서,논현2동,서울 강남구 언주로147길 10
GS25 강남동원점,강남구,37.50692766,127.0544955,02-557-2535,강남경찰서,삼성2동,서울 강남구 테헤란로77길 7
GS25 강남리츠칼튼점,강남구,37.50363227,127.0269451,02-558-3953,강남경찰서,역삼1동,서울 강남구 강남대로110길 26
GS25 강남엘지점,강남구,37.51191003,127.065545,02-554-4053,강남경찰서,삼성1동,서울 강남구 봉은사로114길 46
GS25 개포럭키점,강남구,37.4779054,127.047248,02-578-0379,수서경찰서,개포4동,서울 강남구 개포로20길 12
GS25 개포사랑점,강남구,37.4744169,127.050455,080-855-5525,수서경찰서,개포4동,서울 강남구 논현로8길 21
GS25 개포소망점,강남구,37.48923213,127.0679409,02-459-7996,수서경찰서,개포2동,서울특별시 강남구 개포로508길
GS25 논현동우점,강남구,37.50921235,127.0364508,02-543-9959,강남경찰서,논현2동,서울 강남구 봉은사로37길 13
GS25 논현보람점,강남구,37.5136671,127.0410001,02-3445-3340,강남경찰서,논현2동,서울 강남구 선릉로121길 15
GS25 논현이편한점,강남구,37.50674207,127.0289875,02-518-5703,강남경찰서,논현1동,서울 강남구 봉은사로11길 12
GS25 논현학동점,강남구,37.51822062,127.0299073,02-514-0505,강남경찰서,논현2동,서울 강남구 논현로146길 11
GS25 논현한영점,강남구,37.50882736,127.0343009,02-2685-8715,강남경찰서,논현2동,서울 강남구 논현로114길 11
CU 관악낙성점,관악구,37.478149,126.9625528,02-889-1069,관악경찰서,행운동,서울 관악구 솔밭로 5
CU 관악리베로점,관악구,37.48688874,126.9244693,02-883-0963,관악경찰서,신림동,서울 관악구 신림동길 38
GS25 망원중앙,마포구,37.559499,126.907229,02-3144-6685,서울마포경찰서,성산1동,서울 마포구 월드컵로 126
GS25 마포도화,마포구,37.540322,126.948562,02-3272-2225,서울마포경찰서,도화동,서울 마포구 도화2길 2
GS25 상암9단지,마포구,37.583477,126.878551,,서울마포경찰서,상암동,서울 마포구 월드컵북로 501
GS25 연남공원,마포구,37.561863,126.923245,02-324-7978,서울마포경찰서,연남동,서울 마포구 동교로29길 32
GS25 연남타운,마포구,37.559695,126.921725,070-8959-3702,서울마포경찰서,연남동,서울 마포구 월드컵북로6길 69
GS25 서교본,마포구,37.556496,126.918738,02-322-2520,서울마포경찰서,서교동,서울 마포구 동교로17안길 51
CU 서교중앙점,마포구,37.555717,126.915309,02-322-4591,서울마포경찰서,서교동,서울 마포구 잔다리로 96
CU 한강시민공원점,마포구,37.555663,126.897767,02-336-2044,서울마포경찰서,망원1동,서울 마포구 망원로 8
CU 서교3호점,마포구,37.552456,126.919283,070-7778-5347,서울마포경찰서,서교동,서울 마포구 양화로 100-13
CU 홍대3호점,마포구,37.554995,126.928968,02-325-2237,서울마포경찰서,서교동,서울 마포구 와우산로29길 16
CU 합정태양점,마포구,37.548433,126.917825,02-333-6354,서울마포경찰서,합정동,서울 마포구 독막로5길 5
CU 마포마이다스점,마포구,37.566248,126.903395,02-304-2382,서울마포경찰서,성산2동,서울 마포구 월드컵로36길 18
CU 망원월드컵점,마포구,37.557904,126.907252,02-335-1589,서울마포경찰서,망원2동,서울 마포구 망원로 95
CU 마포구청점,마포구,37.560216,126.905894,02-3141-4928,서울마포경찰서,망원2동,서울 마포구 월드컵로 139
CU 상암4단지점,마포구,37.578042,126.889863,02-308-5287,서울마포경찰서,상암동,서울 마포구 월드컵북로 381
CU 서교타워점,마포구,37.555183,126.920953,02-3141-3117,서울마포경찰서,서교동,서울 마포구 양화로 133
CU 아현뉴타운점,마포구,37.550211,126.951162,02-313-0917,서울마포경찰서,아현동,서울 마포구 마포대로11길 50
세븐일레븐 서교2호점,마포구,37.54855764,126.9189775,02-324-8247,서울마포경찰서,서교동,서울 마포구 독막로7길 16
세븐일레븐 마포연남점,마포구,37.563593,126.922269,02-3141-9809,서울마포경찰서,연남동,서울 마포구 성미산로 142
세븐일레븐 당인동점,마포구,37.547433,126.919899,02-3142-7562,서울마포경찰서,서강동,서울 마포구 어울마당로 26
세븐일레븐 합정역점,마포구,37.549726,126.914929,02-334-0714,서울마포경찰서,서교동,서울 마포구 양화로 56
세븐일레븐 서교삼양점,마포구,37.550091,126.915945,02-3144-3821,서울마포경찰서,서교동,서울 마포구 양화로6길 9-28
세븐일레븐 마포아크로타워점,마포구,37.541262,126.948967,02-703-0779,서울마포경찰서,도화동,서울 마포구 마포대로 68
세븐일레븐 망원대림점,마포구,37.557564,126.899753,02-322-0211,서울마포경찰서,망원2동,서울 마포구 망원로1길 28
세븐일레븐 서교2점 B,마포구,37.555059,126.920162,02-325-3223,서울마포경찰서,서교동,서울 마포구 월드컵북로1길 18
GS25 도곡럭키본점,강남구,37.48903939,127.0402449,02-577-8083,수서경찰서,도곡동,서울특별시 강남구 남부순환로365길
GS25 도곡점,강남구,37.4857031,127.044693,02-578-9424,수서경찰서,도곡2동,서울 강남구 남부순환로 2730
GS25 삼성그린점,강남구,37.5107392,127.0515468,02-554-6625,강남경찰서,삼성2동,서울 강남구 삼성로107길 31
GS25 삼성승리점,강남구,37.506364,127.050027,02-501-8662,강남경찰서,삼성2동,서울 강남구 테헤란로63길 17
GS25 삼성한울점,강남구,37.5153096,127.048545,02-3443-5240,강남경찰서,삼성2동,서울 강남구 삼성로119길 37
GS25 세곡래미안점,강남구,37.4726559,127.0958063,02-3411-6808,수서경찰서,세곡동,서울 강남구 자곡로 101
GS25 신사초롱점,강남구,37.52051764,127.024426,02-545-1444,강남경찰서,신사동,서울 강남구 논현로153길 46
GS25 역삼2점,강남구,37.4940425,127.0355007,02-564-9753,강남경찰서,역삼1동,서울 강남구 역삼로14길 7
GS25 역삼대홍점,강남구,37.4924317,127.039223,02-567-2008,강남경찰서,역삼1동,서울 강남구 논현로63길 19
CU 숙대도서관점,용산구,37.54416858,126.966749,02-719-5043,원효지구대,청파동,서울 용산구 청파로43길 70
CU 신용산점,용산구,37.53189442,126.9708195,02-795-0058,한강로파출소,한강로동,서울 용산구 한강대로 142
CU 용산보광점,용산구,37.527115,127.002441,02-794-2124,보광파출소,보광동,서울 용산구 장문로 119
CU 용산신창점,용산구,37.535262,126.955604,02-702-0761,원효지구대,원효로2동,서울 용산구 원효로35길 50
CU 용산원효로점,용산구,37.532734,126.952116,02-704-4827,원효지구대,원효로2동,서울 용산구 원효로 73
GS25 역삼블루점,강남구,37.4932542,127.0388231,02-553-4645,수서경찰서,역삼1동,서울 강남구 도곡로21길 18
GS25 역삼소망점,강남구,37.505404,127.033641,02-568-7813,강남경찰서,역삼1동,서울 강남구 봉은사로26길 26
GS25 역삼싱아점,강남구,37.49584009,127.0405163,02-554-1945,강남경찰서,역삼2동,서울 강남구 논현로72길 13
GS25 역삼아워홈점,강남구,37.4942198,127.0316173,02-563-1104,강남경찰서,역삼1동,서울 강남구 역삼로3길 10
GS25 역삼제일점,강남구,37.50782724,127.040098,080-855-5525,강남경찰서,역삼1동,서울 강남구 언주로108길 6
GS25 역삼지에스점,강남구,37.5024499,127.037017,02-554-3980,강남경찰서,역삼1동,서울 강남구 봉은사로30길 78
GS25 역삼테헤란점,강남구,37.502262,127.039234,02-563-3307,강남경찰서,역삼1동,서울 강남구 테헤란로33길 7
GS25 역삼프라임점,강남구,37.5049213,127.0396394,02-554-0921,강남경찰서,역삼1동,서울 강남구 테헤란로37길 41
GS25 일원으뜸점,강남구,37.4906218,127.0814726,02-2226-5691,수서경찰서,일원1동,서울 강남구 일원로5길 6
GS25 지에스본점,강남구,37.5018235,127.035849,02-501-3130,강남경찰서,역삼1동,서울 강남구 논현로93길 3
GS25 청담본점,강남구,37.5206195,127.043855,02-547-8843,강남경찰서,청담동,서울 강남구 도산대로66길 43
GS25 청담중앙점,강남구,37.5226105,127.042187,02-543-5333,강남경찰서,청담동,서울 강남구 선릉로148길 32
GS25 청담타운점,강남구,37.5225416,127.046944,02-511-7760,강남경찰서,청담동,서울 강남구 삼성로145길 16
GS25 포이그린점,강남구,37.4799477,127.0480005,02-573-7318,수서경찰서,개포4동,서울 강남구 개포로25길 15
GS25 포이점,강남구,37.4765057,127.0493261,02-578-8300,수서경찰서,개포4동,서울 강남구 개포로22길 40
미니스톱 강남센터점,강남구,37.4998227,127.027409,02-1577-9621,강남경찰서,역삼1동,서울 강남구 강남대로96길 5
미니스톱 골드로즈점,강남구,37.5041284,127.0520308,02-565-5027,수서경찰서,대치4동,서울 강남구 선릉로86길 31
미니스톱 논현보람점,강남구,37.5152193,127.0318073,02-511-1431,강남경찰서,논현2동,서울 강남구 논현로132길 15
미니스톱 논현삼릉역점,강남구,37.5101538,127.042678,02-3218-3030,강남경찰서,논현2동,서울 강남구 봉은사로 327
cu 상도약수점,동작구,37.49905233,126.9443335,02-812-3377,대방파출소,상도4동,서울 동작구 양녕로28길 4
세븐일레븐 리버파크점,동작구,37.50707192,126.9457209,02-812-2394,상도지구대,노량진동,서울특별시 동작구 만양로19길
세븐일레븐 상도한마을점,동작구,37.49916539,126.9330246,02-813-2079,대방파출소,상도3동,서울 동작구 성대로 32
cu 사당갯마을점,동작구,37.49638994,126.9823317,02-595-7435,남성지구대,사당2동,서울 동작구 동작대로43길 1
gs25 동작우체국,동작구,37.4977077,126.9242956,02-3280-0196,대방파출소,신대방2동,서울 동작구 여의대방로22길 78
gs25 동작역점,동작구,37.50286965,126.9802674,080-855-5525,흑석지구대,동작동,서울특별시 동작구 현충로257길
미니스톱 대방점,동작구,37.49995916,126.9283781,02-823-8148,노량진지구대,대방동,서울 동작구 상도로 69
미니스톱 보라매점,동작구,37.49947126,126.9206252,,대방파출소,대방동,서울 동작구 여의대방로 140
세븐일레븐 대방점,동작구,37.51176073,126.9317691,02-815-8373,노량진지구대,대방동,서울 동작구 등용로 119
세븐일레븐 보라매점,동작구,37.49127438,126.924094,02-833-2460,대방파출소,신대방2동,서울 동작구 보라매로5가길 16
세븐일레븐 대방성남점,동작구,37.504455,126.925189,02-812-7573,노량진지구대,대방동,서울 동작구 대방동길 71
세븐일레븐 대방성남점,동작구,37.504455,126.925189,02-812-7573,노량진지구대,대방동,서울 동작구 대방동길 71
세븐일레븐 동작대리점,동작구,37.49457545,126.9605662,,상도지구대,상도1동,서울 동작구 사당로 56
세븐일레븐 사당남성점,동작구,37.48302039,126.9711506,02-588-4286,사당지구대,사당4동,서울 동작구 사당로14길 30
세븐일레븐 면목로데오점,중랑구,37.5923175,127.0766165,02-432-8973,서울중랑경찰서,면목2동,서울 중랑구 중랑천로10길 66
세븐일레븐 면목한신점,중랑구,37.5861568,127.076345,02-432-7952,서울중랑경찰서,면목2동,서울 중랑구 겸재로3길 5
세븐일레븐 상봉2점,중랑구,37.5959385,127.0893362,02-434-7485,서울중랑경찰서,상봉2동,서울 중랑구 망우로50길 25
세븐일레븐 면목2호점,중랑구,37.5798352,127.0887562,02-491-9633,서울중랑경찰서,면목7동,서울 중랑구 면목로42길 14
미니스톱 논현아미가점,강남구,37.51480222,127.036386,02-542-1950,강남경찰서,논현2동,서울 강남구 언주로130길 10
미니스톱 논현힐탑점,강남구,37.5105313,127.032098,02-3445-8825,강남경찰서,논현1동,서울 강남구 논현로 639
미니스톱 대치멤버스점,강남구,37.5045291,127.0538023,02-565-1278,수서경찰서,대치4동,서울 강남구 삼성로85길 42
미니스톱 대치시내점,강남구,37.49880596,127.058316,02-501-6197,수서경찰서,대치4동,서울 강남구 도곡로77길 7
미니스톱 도곡공원점,강남구,37.4895461,127.033329,02-2057-9412,수서경찰서,도곡1동,서울 강남구 도곡로4길 5
미니스톱 도곡센트레빌점,강남구,37.491532,127.055641,,수서경찰서,대치1동,
미니스톱 도곡역점,강남구,37.4921442,127.0574119,02-564-4951,수서경찰서,대치1동,서울 강남구 남부순환로 2909
미니스톱 메트로칸점,강남구,37.5068062,127.0594495,02-569-9982,수서경찰서,대치2동,서울 강남구 테헤란로88길 10
미니스톱 삼성베스트점,강남구,37.5108204,127.055755,02-1577-9621,강남경찰서,삼성1동,서울 강남구 삼성로104길 12
미니스톱 삼성역점,강남구,37.50820685,127.062254,02-3453-3369,수서경찰서,대치2동,서울 강남구 테헤란로 532
미니스톱 삼성플러스원점,강남구,37.5116097,127.044926,,강남경찰서,삼성2동,서울 강남구 봉은사로57길 13
미니스톱 삼성현대점,강남구,37.51350498,127.061854,02-555-2108,강남경찰서,삼성1동,서울 강남구 영동대로106길 9
미니스톱 신사제일점,강남구,37.52090959,127.0284222,02-3445-1580,강남경찰서,압구정동,서울 강남구 논현로 808
미니스톱 신사증권점,강남구,37.52631186,127.0289891,02-1577-9621,강남경찰서,압구정동,서울 강남구 압구정로30길 18
미니스톱 압구정3점,강남구,37.5276188,127.0339151,02-3444-2258,강남경찰서,압구정동,서울 강남구 언주로 866
미니스톱 압구정로데오점,강남구,37.5259514,127.0383732,02-515-2488,강남경찰서,압구정동,서울 강남구 도산대로51길 44
미니스톱 역삼디오빌점,강남구,37.50147603,127.0426899,02-2193-6256,수서경찰서,역삼2동,서울 강남구 언주로 427
미니스톱 역삼만남점,강남구,37.4955369,127.0318129,02-569-5796,강남경찰서,역삼1동,서울 강남구 테헤란로6길 47
미니스톱 역삼충현점,강남구,37.505604,127.0354373,02-563-7591,강남경찰서,역삼1동,서울 강남구 봉은사로30길 28
미니스톱 역삼태광점,강남구,37.50112367,127.0403049,02-539-8773,수서경찰서,역삼2동,서울 강남구 테헤란로34길 7
미니스톱 역삼태극점,강남구,37.4946558,127.030034,02-581-3946,강남경찰서,역삼1동,서울 강남구 강남대로78길 8
미니스톱 일원석탑점,강남구,37.4926193,127.0755689,02-445-0914,수서경찰서,일원2동,서울 강남구 개포로 615
미니스톱 청담유시어터점,강남구,37.5220301,127.0415161,02-1577-9621,강남경찰서,청담동,서울 강남구 도산대로58길 17
미니스톱 테헤란로점,강남구,37.5056037,127.0541831,02-1577-9621,수서경찰서,대치4동,서울 강남구 테헤란로 428
세븐일레븐 개포1호점,강남구,37.48360708,127.059715,02-575-3224,수서경찰서,개포2동,서울 강남구 선릉로 48
세븐일레븐 개포2호점,강남구,37.4893117,127.0688124,02-2226-5564,수서경찰서,개포2동,서울 강남구 개포로 512
세븐일레븐 거평타운점 B,강남구,37.5059169,127.0283077,02-3443-5612,강남경찰서,논현1동,서울 강남구 봉은사로 129
미니스톱 상봉점,중랑구,37.59571825,127.0901785,02-435-8185,서울중랑경찰서,상봉2동,서울 중랑구 봉우재로33길 92
미니스톱 신내점,중랑구,37.6077156,127.0967934,02-3423-2748,서울중랑경찰서,신내1동,서울 중랑구 봉화산로 217
세븐일레븐 망우2호점,중랑구,37.60270595,127.1076358,02-495-1613,서울중랑경찰서,망우본동,서울 중랑구 양원역로 25
세븐일레븐 망우점,중랑구,37.6005635,127.1033339,02-496-0051,서울중랑경찰서,망우본동,서울 중랑구 망우로 461
CU,강서구,37.56709589,126.8424344,02-2659-8333,강서경찰서,가양1동,서울 강서구 강서로74길 28
CU,강서구,37.55708683,126.861373,02-2658-7723,강서경찰서,등촌1동,서울 강서구 양천로 564
CU,강서구,37.5427421,126.836494,,강서경찰서,화곡3동,서울 강서구 화곡로21길 43
CU,강서구,37.55043329,126.8473495,,강서경찰서,화곡6동,서울 강서구 화곡로51길 13
CU,강서구,37.53629174,126.8560225,,강서경찰서,화곡4동,서울 강서구 곰달래로53길 121
GS25,강서구,37.55606352,126.8536778,,강서경찰서,등촌1동,서울 강서구 공항대로45가길 11
GS25,강서구,37.57245576,126.810002,,강서경찰서,방화2동,서울 강서구 양천로14길 16
GS25,강서구,37.55356537,126.8305342,02-2667-7377,강서경찰서,발산1동,서울 강서구 강서로47길 108
GS25,강서구,37.53689762,126.8369324,,강서경찰서,화곡1동,서울 강서구 가로공원로 188
GS25,강서구,37.54968891,126.8484915,,강서경찰서,화곡6동,서울 강서구 화곡로44가길 43
GS25,강서구,37.53522838,126.850135,,강서경찰서,화곡8동,서울 강서구 강서로18바길 2
GS25,강서구,37.53892662,126.8426011,,강서경찰서,화곡본동,서울 강서구 강서로 132
GS25,강서구,37.55326804,126.8499771,,강서경찰서,화곡6동,서울 강서구 우장산로 125
GS25,강서구,37.53719959,126.859385,,강서경찰서,화곡4동,서울 강서구 등촌로13길 90
GS25,강서구,37.56961413,126.8079659,02-2664-2468,강서경찰서,방화2동,서울 강서구 양천로6길 57
GS25,강서구,37.56570105,126.8476441,,강서경찰서,가양1동,서울 강서구 양천로 401
GS25,강서구,37.55614291,126.818509,02-2663-8942,강서경찰서,공항동,서울 강서구 방화대로6라길 26
미니스톱,강서구,37.52949799,126.846692,02-2608-0511,강서경찰서,화곡1동,서울 강서구 강서로7길 19
미니스톱,강서구,37.54130385,126.844921,,강서경찰서,화곡본동,서울 강서구 까치산로4길 34
세븐일레븐,강서구,37.55990735,126.845503,070-7715-9193,강서경찰서,등촌3동,서울 강서구 공항대로41길 43
세븐일레븐,강서구,37.55505587,126.816818,,강서경찰서,공항동,서울 강서구 방화대로6나길 1
세븐일레븐,강서구,37.577017,126.8139782,02-665-8662,강서경찰서,방화3동,서울 강서구 방화대로47가길 22
세븐일레븐,강서구,37.57819015,126.8133052,,강서경찰서,방화3동,서울 강서구 금낭화로 146
세븐일레븐,강서구,37.54090714,126.848423,,강서경찰서,화곡본동,서울 강서구 초록마을로14길 37
세븐일레븐,강서구,37.54508147,126.845067,,강서경찰서,화곡본동,서울 강서구 초록마을로 3
세븐일레븐,강서구,37.53432815,126.842921,,강서경찰서,화곡1동,서울 강서구 가로공원로76가길 76
세븐일레븐,강서구,37.56621975,126.8415507,02-3662-1609,강서경찰서,등촌3동,서울 강서구 강서로68길 12
세븐일레븐,강서구,37.56096427,126.8468268,,강서경찰서,등촌3동,서울 강서구 공항대로41길 76
GS25,강서구,37.53016409,126.842616,,강서경찰서,화곡1동,서울 강서구 곰달래로 88
CU 화양중앙점,광진구,37.54472483,127.0690666,02-499-4217,광진경찰서,화양동,서울 광진구 능동로13길 69
CU 세종대학생회관점,광진구,37.55160814,127.0731832,02-466-4027,광진경찰서,군자동,서울 광진구 능동로 209
CU 중곡빌리지점,광진구,37.5561974,127.0862161,02-916-8131,광진경찰서,중곡2동,서울 광진구 용마산로3길 32
CU 중곡3동,광진구,37.57055381,127.0827885,02-437-1480,광진경찰서,중곡3동,서울 광진구 면목로17길 6
CU 장신대점,광진구,37.54772974,127.1051167,02-446-2239,광진경찰서,광장동,서울 광진구 광장로 71-1
CU 구의크레신점,광진구,37.5370799,127.084368,02-456-5112,광진경찰서,구의1동,서울 광진구 아차산로 375
CU 자양태성점,광진구,37.53322482,127.0704496,02-3437-0988,광진경찰서,자양3동,서울 광진구 뚝섬로34길 25-19
CU 자양리안점,광진구,37.54007821,127.0635726,02-466-6888,광진경찰서,자양4동,서울 광진구 동일로18길 11
GS25 건국,광진구,37.54565033,127.0762488,02-3436-9934,광진경찰서,화양동,서울 광진구 광나루로24길 14
GS25 건대수정,광진구,37.5427937,127.0709136,02-2205-2042,광진경찰서,화양동,서울 광진구 능동로13길 15
GS25 화양한아름,광진구,37.54466428,127.0704426,02-468-2205,광진경찰서,화양동,서울 광진구 군자로3길 14
GS25 군자행운,광진구,37.55430776,127.0748263,080-855-5525,광진경찰서,군자동,서울 광진구 군자로 141
GS25 건대호수,광진구,37.53875074,127.0768045,02-3437-7140,광진경찰서,자양1동,서울 광진구 아차산로39길 16
GS25 자양스타,광진구,37.53416727,127.081837,02-3437-0343,광진경찰서,자양1동,서울 광진구 자양로13길 47
GS25 자양강변,광진구,37.52990909,127.0787905,02-3436-9802,광진경찰서,자양2동,서울 광진구 뚝섬로52라길 3
미니스톱 구의명성점,광진구,37.53974135,127.0850211,02-3436-5966,광진경찰서,구의1동,서울 광진구 아차산로51길 62
세븐일레븐 건대예술점,광진구,37.54359372,127.0720679,02-468-3711,광진경찰서,화양동,서울 광진구 능동로 143
세븐일레븐 건대제일점,광진구,37.54169965,127.0676312,02-469-0711,광진경찰서,화양동,서울 광진구 동일로22길 59
씨스페이스 중곡2점,광진구,37.56804216,127.0857316,02-461-5583,광진경찰서,중곡3동,서울 광진구 능동로 442
씨스페이스 중곡대원점,광진구,37.560766,127.088653,02-446-9169,광진경찰서,중곡4동,서울 광진구 용마산로8가길 25
세븐일레븐 개포본점,강남구,37.47807861,127.0499559,02-529-4571,수서경찰서,개포4동,서울 강남구 개포로28길 15
CU 미아동부점,강북구,37.61512884,127.0270141,02-980-2998,강북경찰서,송천동,서울 강북구 도봉로13길 58
CU 미아삼양점,강북구,37.6201985,127.018377,02-989-3700,강북경찰서,삼양동,서울 강북구 솔샘로 231
CU 미아창문점,강북구,37.61381761,127.0378674,02-981-0684,강북경찰서,송중동,서울 강북구 월계로 83
CU 번동센트로힐점,강북구,37.634672,127.0361184,02-990-0424,강북경찰서,번1동,서울 강북구 한천로 936
CU 수유번동점,강북구,37.63942624,127.0287221,02-997-9648,강북경찰서,번1동,서울 강북구 한천로132길 10
CU 수유행복점,강북구,37.64730169,127.0133935,02-900-5571,강북경찰서,우이동,서울 강북구 4.19로1길 16
GS25 수유우이점,강북구,37.6378366,127.0158415,02-6212-7221,강북경찰서,인수동,서울 강북구 삼양로93길 23
GS25 수유광산점,강북구,37.6452516,127.0224126,02-998-5684,강북경찰서,수유2동,서울 강북구 노해로27길 21
미니스톱 미아삼성점,강북구,37.61900086,127.0201231,02-982-6659,강북경찰서,삼각산동,서울 강북구 삼양로27길 20
미니스톱 수유사랑점,강북구,37.63670593,127.0258185,,강북경찰서,번1동,서울 강북구 오패산로77길 17
미니스톱 수유대한점,강북구,37.6363575,127.0222761,,강북경찰서,수유3동,서울 강북구 수유로 79
미니스톱 수유점,강북구,37.63892292,127.0231039,,강북경찰서,수유3동,서울 강북구 노해로 38
미니스톱 수유인텔리안점,강북구,37.63643974,127.0234734,02-900-7838,강북경찰서,수유3동,서울 강북구 도봉로 313
세븐일레븐 미아래미안점,강북구,37.61569586,127.0211397,02-945-5915,강북경찰서,삼각산동,서울 강북구 삼양로19길 25
세븐일레븐 번동제일점,강북구,37.63431544,127.0303588,02-986-9224,강북경찰서,번2동,서울 강북구 덕릉로40길 18
세븐일레븐 수유래미안점,강북구,37.64445576,127.0186551,,강북경찰서,수유2동,서울 강북구 한천로159길 8
세븐일레븐 수유벽산점,강북구,37.6409021,127.0197238,02-900-6211,강북경찰서,수유3동,서울 강북구 삼각산로 140
세븐일레븐 수유으뜸점,강북구,37.6335367,127.0237327,02-989-5659,강북경찰서,미아동,서울 강북구 도봉로 282
세븐일레븐 수유점,강북구,37.63482544,127.0220395,02-999-0614,강북경찰서,인수동,서울 강북구 덕릉로 75
세븐일레븐 수유제일점 B,강북구,37.63303382,127.0243686,02-986-3235,강북경찰서,미아동,서울 강북구 도봉로76길 11
세븐일레븐 수유테마점 B,강북구,37.64135773,127.0296311,02-904-1890,강북경찰서,번1동,서울 강북구 도봉로 388
세븐일레븐 수유빨래골점,강북구,37.6307018,127.0168589,02-945-6012,강북경찰서,수유1동,서울 강북구 삼양로73길 36
세븐일레븐 수유본점,강북구,37.6335535,127.0217384,02-986-3917,강북경찰서,수유1동,서울 강북구 도봉로77길 25
세븐일레븐 미아성우점,강북구,37.61745082,127.0219965,02-945-1096,강북경찰서,송천동,서울 강북구 삼양로24길 19
씨스페이스 미아3점,강북구,37.62603107,127.0257392,02-989-7904,강북경찰서,미아동,서울 강북구 솔매로 124
cu 동작구청2호점,동작구,37.51186199,126.9389943,02-813-4556,노량진지구대,노량진2동,서울 동작구 노량진로8길 72
cu 동작구청점,동작구,37.51223643,126.9382792,02-823-7889,노량진지구대,노량진2동,서울 동작구 노량진로8길 54
세븐일레븐 노량진역점,동작구,37.5133123,126.9419612,02-812-5794,노량진지구대,노량진1동,서울 동작구 노량진로14길 4
cu  상도삼성점,동작구,37.50523976,126.9331339,02-825-2229,상도지구대,상도동,서울특별시 동작구 등용로37길
GS25 양재구룡점,서초구,37.472131,127.048914,02-529-7718,서초경찰서,양재2동,서울 서초구 논현로5길 18
미니스톱 양재그린점,서초구,37.472048,127.0394219,02-571-7392,서초경찰서,양재2동,서울 서초구 강남대로18길 11
CU 양재알뜰점,서초구,37.47382593,127.042579,02-2057-0862,서초경찰서,양재2동,서울 서초구 언남9길 7-4
CU 청계산입구역점,서초구,37.44627036,127.0573225,02-575-0734,서초경찰서,내곡동,서울 서초구 청계산로 217
GS25 논현최강점,서초구,37.51080574,127.019504,02-512-3482,서초경찰서,잠원동,서울 서초구 신반포로 329
GS25 문래에이스점,영등포구,37.51474534,126.8975388,02-3439-0084,영등포경찰서,문래동,서울 영등포구 경인로 775
GS25 신길역점,영등포구,37.51813904,126.9140004,02-2631-5124,영등포경찰서,영등포동,서울 영등포구 경인로114가길 4
GS25 양평보보점,영등포구,37.5258146,126.887188,02-2677-9525,영등포경찰서,양평1동,서울 영등포구 양산로7길 3
GS25 양평중앙점,영등포구,37.537202,126.8971124,02-2633-1247,영등포경찰서,양평2동,서울 영등포구 양평로18길 8
GS25 여의타워점,영등포구,37.5194119,126.9386126,02-761-9377,영등포경찰서,여의동,서울 영등포구 63로 36
GS25 영등포경남점,영등포구,37.524242,126.904705,02-2068-0578,영등포경찰서,영등포동,서울 영등포구 영중로27길 6
GS25 영등포로타리점,영등포구,37.5190267,126.9048646,02-2678-4595,영등포경찰서,영등포동,서울 영등포구 영중로 31
미니스톱 대림두암점,영등포구,37.49501997,126.896868,02-844-2425,영등포경찰서,대림3동,서울 영등포구 대림로29길 24
미니스톱 신길대신점,영등포구,37.5117464,126.9168208,02-845-0550,영등포경찰서,신길1동,서울 영등포구 도신로60길 2
미니스톱 신길점,영등포구,37.506318,126.9019159,02-831-0601,영등포경찰서,신길3동,서울 영등포구 도림로 322
미니스톱 여의IFC점,영등포구,37.524619,126.926822,02-785-7956,영등포경찰서,여의동,서울 영등포구 국제금융로2길 7
세븐일레븐 당산역본점,영등포구,37.53491375,126.902264,02-2068-9457,영등포경찰서,당산2동,서울 영등포구 당산로 237
세븐일레븐 대방역점,영등포구,37.51239081,126.9248101,02-835-2030,영등포경찰서,신길7동,서울 영등포구 영등포로 422
GS25 영등포영달점,영등포구,37.5162887,126.9045362,02-2678-2575,영등포경찰서,영등포동,서울 영등포구 영신로24길 18-1
GS25 봉화산역,중랑구,37.6163947,127.0926039,02-3422-6608,서울중랑경찰서,신내2동,서울 중랑구 신내로 211
GS25 사가정스타,중랑구,37.58182879,127.088082,02-493-5992,서울중랑경찰서,면목3.8동,서울 중랑구 면목로45길 8
GS25 중랑동부,중랑구,37.60227892,127.0938704,02-994-0786,서울중랑경찰서,상봉1동,서울 중랑구 신내로7가길 35
GS25 중랑신내,중랑구,37.6061038,127.0981131,02-436-2566,서울중랑경찰서,신내1동,서울 중랑구 봉화산로56길 60
GS25 중랑팰리스점,중랑구,37.596527,127.0871344,02-432-9319,서울중랑경찰서,상봉동,서울특별시 중랑구 망우로312길
GS25 용마파크,중랑구,37.57520556,127.0884742,02-433-0417,서울중랑경찰서,면목4동,서울 중랑구 용마산로 248
GS25 중랑지웰,중랑구,37.58725253,127.0863427,02-438-0228,서울중랑경찰서,면목본동,서울 중랑구 면목로69길 16
GS25 중화다미소점,중랑구,37.6020245,127.0801001,02-2209-4959,서울중랑경찰서,중화1동,서울 중랑구 동일로136길 10
GS25 상봉뉴월드점,중랑구,37.5930326,127.0747358,02-432-2745,서울중랑경찰서,상봉2동,서울 중랑구 망우로30길 3
CU 면목중앙점,중랑구,37.5844605,127.0889145,02-2207-6103,서울중랑경찰서,면목본동,서울 중랑구 면목로56가길 8
CU 면목행복점,중랑구,37.58870728,127.0910119,02-495-4196,서울중랑경찰서,면목본동,서울 중랑구 겸재로50길 9
CU 망우행복점,중랑구,37.600864,127.1076756,02-434-7428,서울중랑경찰서,망우본동,서울 중랑구 용마산로118길 130
CU 묵동먹골역점,중랑구,37.6133273,127.0788287,02-948-9652,서울중랑경찰서,묵1동,서울 중랑구 공릉로2가길 28
GS25 망우금호,중랑구,37.6002329,127.108007,080-855-5525,서울중랑경찰서,망우본동,서울 중랑구 망우로 504
GS25 망우으뜸,중랑구,37.5974471,127.1009021,02-435-3664,서울중랑경찰서,망우본동,서울 중랑구 망우로68길 56
GS25 망우제일,중랑구,37.59871655,127.1025649,02-433-8896,서울중랑경찰서,망우본동,서울 중랑구 용마산로112길 37
GS25 망우한마음,중랑구,37.5918396,127.097419,02-433-5972,서울중랑경찰서,망우3동,서울 중랑구 용마산로99길 9
GS25 면목서일,중랑구,37.5888318,127.0985842,02-434-7118,서울중랑경찰서,면목3.8동,서울 중랑구 용마산로94길 31
GS25 면목한신,중랑구,37.5883513,127.0767493,02-436-6480,서울중랑경찰서,면목2동,서울 중랑구 겸재로3길 54
CU 우면프라자점,서초구,37.46453962,127.0255824,02-578-5776,서초경찰서,양재1동,서울 서초구 태봉로 70
GS25 서초LG점,서초구,37.46122164,127.0344474,02-575-0408,서초경찰서,양재2동,서울 서초구 양재대로11길 19
세븐일레븐 서초프라자점,서초구,37.498429,127.023952,02-595-4388,서초경찰서,서초4동,서울 서초구 강남대로61길 25
GS25 서초우면점,서초구,37.470943,127.024673,02-529-5424,서초경찰서,양재1동,서울 서초구 바우뫼로7길 13
GS25노원상계역,노원구,37.661055,127.0745448,02-937-5003,노원경찰서,중계4동,서울 노원구 한글비석로20길 46
GS25공릉풍림,노원구,37.6282818,127.0692753,02-979-0199,노원경찰서,공릉1동,서울 노원구 섬밭로 134
CU 방배롯데캐슬점,서초구,37.49640099,126.984022,02-532-3305,방배경찰서,방배본동,서울 서초구 방배중앙로29길 25
미니스톱 방배홈타운점,서초구,37.49102378,126.984045,02-594-3842,방배경찰서,방배본동,서울 서초구 동광로 9
세븐일레븐 서초19호점,서초구,37.4933246,127.0187824,02-3472-2483,서초경찰서,서초1동,서울 서초구 사임당로17길 113
CU 서초도시점,서초구,37.4951945,127.0208388,02-587-6474,서초경찰서,서초1동,서울 서초구 서초대로64길 9
GS25 서초아남점,서초구,37.4932295,127.021552,080-855-5525,서초경찰서,서초1동,서울 서초구 서초대로64길 55
미니스톱 삼성타운점,서초구,37.49580419,127.0275471,02-3472-4399,서초경찰서,서초2동,서울 서초구 서초대로78길 22
세븐일레븐 서초퍼스트점,서초구,37.486958,127.0270011,02-521-2846,서초경찰서,서초2동,서울 서초구 효령로72길 33
미니스톱 서초남부점,서초구,37.482743,127.014739,02-3473-5357,서초경찰서,서초3동,서울 서초구 남부순환로323길 38-17
GS25 서초대림점,서초구,37.480353,127.007658,02-3471-8928,서초경찰서,서초3동,서울 서초구 명달로4길 32
GS25 서초동일점,서초구,37.49060603,127.013382,02-597-9890,서초경찰서,서초3동,서울 서초구 서초대로50길 62-4
미니스톱 서초라디안점,서초구,37.486186,127.0151512,02-521-8506,서초경찰서,서초3동,서울 서초구 서초중앙로 49
미니스톱 서초이오빌,서초구,37.48652632,127.012911,02-581-8904,서초경찰서,서초3동,서울 서초구 효령로53길 45
CU 서초효령점,서초구,37.485824,127.013426,02-521-1121,서초경찰서,서초3동,서울 서초구 반포대로14길 42
세븐일레븐 강남본점,서초구,37.50012588,127.025504,02-599-2764,서초경찰서,서초4동,서울 서초구 서초대로77길 27
GS25 서초디오빌점,서초구,37.502058,127.0240706,02-3482-7896,서초경찰서,서초4동,서울 서초구 서초대로73길 54
GS25 서초디오빌점,서초구,37.502058,127.0240706,02-3482-7896,서초경찰서,서초4동,서울 서초구 서초대로73길 54
미니스톱 방배현대점,서초구,37.4796581,126.998435,02-587-2683,방배경찰서,방배3동,서울 서초구 방배로 57
GS25 방배E푸른점,서초구,37.49047326,126.9934235,02-593-2218,방배경찰서,방배4동,서울 서초구 서초대로27길 57
CU 방배이수역점,서초구,37.4874102,126.983524,02-537-4764,방배경찰서,방배4동,서울 서초구 동광로12가길 26
세븐일레븐 반포사평로점,서초구,37.4977192,126.9909305,02-535-3955,방배경찰서,방배본동,서울 서초구 사평대로6길 7
세븐일레븐 방배8호점,서초구,37.4955295,126.985613,02-599-2210,방배경찰서,방배본동,서울 서초구 방배중앙로 185
CU 서초염곡점,서초구,37.46201881,127.052218,02-575-3118,서초경찰서,내곡동,서울 서초구 염곡말길 19
CU 반포중앙점,서초구,37.50544263,127.021345,02-546-3208,서초경찰서,반포1동,서울 서초구 사평대로53길 27
GS25 반포중앙점,서초구,37.505669,127.022012,02-514-4249,서초경찰서,반포1동,서울 서초구 사평대로55길 37
GS25 반포타운점,서초구,37.5059554,127.0213746,02-511-4325,서초경찰서,반포1동,서울 서초구 사평대로53길 36
미니스톱 서초반포점,서초구,37.50635058,127.0227737,02-541-4927,서초경찰서,반포1동,서울 서초구 사평대로57길 44
세븐일레븐 반포3호점,서초구,37.505772,127.001214,02-533-5716,서초경찰서,반포3동,서울 서초구 반포대로 300-3
미니스톱 반포삼공점,서초구,37.50377188,127.009915,02-595-3624,서초경찰서,반포4동,서울 서초구 고무래로 6-3
세븐일레븐 반포서래점,서초구,37.497673,126.998499,02-3476-8359,방배경찰서,반포4동,서울 서초구 서래로6길 4
GS25 구반포역점,서초구,37.50192985,126.9863158,02-532-2579,방배경찰서,반포본동,서울 서초구 신반포로3길 7
세븐일레븐 반포2호점,서초구,37.50196257,126.98903,02-596-2224,방배경찰서,반포본동,서울 서초구 신반포로 41
GS25 방배브라운점,서초구,37.48693415,126.9944098,02-588-0108,방배경찰서,방배1동,서울 서초구 방배로 146
세븐일레븐 방배17호점,서초구,37.48342681,126.986703,02-582-7058,방배경찰서,방배2동,서울 서초구 도구로 77
미니스톱 사당역점,서초구,37.47705069,126.982209,02-586-2834,방배경찰서,방배2동,서울 서초구 방배천로 5-3
미니스톱 방배본점,서초구,37.4771435,126.987064,02-581-2209,방배경찰서,방배3동,서울 서초구 효령로 18
미니스톱 방배중앙점,서초구,37.48073895,126.999765,02-587-9989,방배경찰서,방배3동,서울 서초구 효령로34길 23-3
GS25공릉행복,노원구,37.6255301,127.0747127,02-976-6401,노원경찰서,공릉1동,서울 노원구 동일로190길 26
세븐일레븐 무교점,중구,37.5670039,126.9793617,,태평로,명동,서울 중구 무교로 12
세븐일레븐 충정로2호점,중구,37.5581419,126.9652488,,중림,중림동,서울 중구 중림로 10
세븐일레븐 남산2호점,중구,37.55944639,126.9882216,,중부(충무),필동,서울 중구 소파로 142
세븐일레븐 중구황학동점,중구,37.5684513,127.0197979,,중부(광희),황학동,서울 중구 마장로 89
세븐일레븐 광희이비스점,중구,37.5641152,127.0083352,,중부(광희),광희동,서울 중구 퇴계로 330-1
GS25노원석계역,노원구,37.6166009,127.0645473,02-942-8928,노원경찰서,월계1동,서울 노원구 석계로8길 6
GS25상계현대,노원구,37.6736192,127.0528328,02-935-8984,노원경찰서,상계1동,서울 노원구 동일로237길 46
GS25월계주공,노원구,37.62684097,127.0509722,02-904-2072,노원경찰서,월계2동,서울 노원구 월계로45길 28
GS25노원아이파크,노원구,37.65983293,127.0691688,02-931-1386,노원경찰서,상계2동,서울 노원구 상계로23다길 13-8
GS25상계으뜸,노원구,37.65501704,127.0709472,02-935-8984,노원경찰서,상계2동,서울 노원구 노원로28길 73
cu남대문로5가점,중구,37.5575147,126.9733873,,서울역,회현동,서울 중구 세종대로 8-1
cu남대문점,중구,37.5611268,126.9776332,,태평로,소공동,서울 중구 남대문로 17
cu명동화이자점,중구,37.5605063,126.9843513,,명동,명동,서울 중구 퇴계로 114-1
cu순화점,중구,37.56436232,126.9689144,,서소문,소공동,서울 중구 통일로4길 20
cu중구필동점,중구,37.5603603,126.997415,,중부(충무),필동,서울 중구 서애로 21
cu중구회현점,중구,37.55920739,126.9798501,,회현,회현동,서울 중구 퇴계로 70
cu중구흥인점,중구,37.5666272,127.0158566,,중부(광희),신당동,서울 중구 다산로 265
cu청구대로점,중구,37.5592388,127.012848,,중부(약수),다산동,서울 중구 다산로 175
cu청구역점,중구,37.5609331,127.0120265,,중부(광희),신당동,서울 중구 청구로 94
GS25북창,중구,37.5621584,126.9775104,,태평로,소공동,서울 중구 남대문로1길 26
GS25신당삼성,중구,37.5581633,127.0179679,,중부(약수),청구동,서울 중구 청구로1길 23
미니스톱서울특별시시청역점,중구,37.5640071,126.9758269,,서소문,소공동,서울 중구 서소문로 135
미니스톱남산점,중구,37.55870731,126.9858692,,명동,명동,서울 중구 퇴계로20길 32
미니스톱신당점,중구,37.5549202,127.0117754,,중부(약수),약수동,서울 중구 동호로10길 21
미니스톱약수역점,중구,37.5535103,127.010208,,중부(약수),약수동,서울 중구 다산로 110
미니스톱동대후문점,중구,37.5612221,126.9980035,,중부(충무),필동,서울 중구 서애로 12
세븐일레븐남대문본점,중구,37.5581346,126.9730743,,서울역,회현동,서울 중구 세종대로 11
세븐일레븐남대문점,중구,37.55900823,126.9749032,,서울역,회현동,서울 중구 세종대로 30
세븐일레븐남산쌍용점,중구,37.55941334,126.983201,,명동,명동,서울 중구 소공로 46
세븐일레븐동대입구역점,중구,37.55890634,127.0026479,,중부(장충),장충동,서울 중구 동호로25길 3
세븐일레븐명동본점,중구,37.5648596,126.9844949,,명동,명동,서울 중구 명동9길 23
세븐일레븐명동성당점,중구,37.5637745,126.9857659,,명동,명동,서울 중구 명동길 60
세븐일레븐명동포스트타워점,중구,37.5610419,126.9819898,,명동,회현동,서울 중구 소공로 66
세븐일레븐서소문점 B,중구,37.5628291,126.9723636,,서소문,소공동,서울 중구 서소문로 101
세븐일레븐중구스카이점,중구,37.5613547,126.9872352,,명동,명동,서울 중구 퇴계로 139
세븐일레븐중구초동점,중구,37.5645019,126.9923903,,중부(을3),을지로동,서울 중구 마른내로 41
세븐일레븐중국대사관점,중구,37.5630705,126.9822429,,명동,명동,서울 중구 남대문로 68
세븐일레븐충무퇴계점,중구,37.561614,126.9950156,,중부(충무),광희동,서울 중구 퇴계로 209
GS25숭례문점,중구,37.5608094,126.9765577,,태평로,소공동,서울 중구 남대문로 7
GS25버티고개역점,중구,37.54837531,127.0069437,,중부(약수),다산동,서울 중구 동호로17길 295
GS25청계천패션점,중구,37.56935713,127.0137916,,중부(광희),신당동,서울 중구 청계천로 318
CU중구약수점,중구,37.555716,127.0123354,,중부(약수),청구동,서울 중구 다산로14길 18
미니스톱 난지1점,마포구,37.5816659,126.8812657,,서울마포경찰서,상암동,서울 마포구 마포나루길 316
미니스톱 난지2점,마포구,37.5647907,126.879003,,서울마포경찰서,상암동,서울 마포구 마포나루길 216
세븐일레븐 평창점,종로구,37.60696406,126.9659566,,종로경찰서,평창동,서울 종로구 평창11길 17
세븐일레븐 대학로카페점,종로구,37.58326566,127.0024364,,종로경찰서,이화동,서울 종로구 동숭길 143
CU,서대문구,37.57238119,126.9551984,02-365-5792,서대문경찰서,천연동,서울 서대문구 독립문공원길 17
CU,서대문구,37.563452,126.962578,02-356-6807,서대문경찰서,충현동,서울 서대문구 경기대로 48
CU,서대문구,37.568722,126.932677,02-333-5318,서대문경찰서,연희동,서울 서대문구 연희로 126
CU,서대문구,37.568145,126.9311672,02-3143-6338,서대문경찰서,연희동,서울 서대문구 연희맛로 38
CU,서대문구,37.565642,126.9255303,02-335-6967,서대문경찰서,연희동,서울 서대문구 연희로5길 66
GS25,서대문구,37.577226,126.932003,02-3143-0804,서대문경찰서,연희동,서울 서대문구 가좌로 31
미니스톱,서대문구,37.58755181,126.943992,02-391-5140,서대문경찰서,홍제1동,서울 서대문구 통일로37길 18
CU,서대문구,37.588113,126.943072,02-379-9413,서대문경찰서,홍제1동,서울 서대문구 통일로39길 22
CU,서대문구,37.58505729,126.9409086,02-394-2992,서대문경찰서,홍제1동,서울 서대문구 모래내로 411
CU,서대문구,37.58407849,126.9111953,02-376-7267,서대문경찰서,북가좌2동,서울 서대문구 증가로 264
CU,서대문구,37.57975121,126.9066496,02-302-1189,서대문경찰서,북가좌1동,서울 서대문구 거북골로 223
GS25,서대문구,37.57665802,126.9114653,02-373-1963,서대문경찰서,북가좌2동,서울 서대문구 거북골로 170
GS25,서대문구,37.58271266,126.9198566,02-303-8334,서대문경찰서,북가좌2동,서울 서대문구 증가로12나길 101
GS25,서대문구,37.55903448,126.9358934,02-325-8256,서대문경찰서,신촌동,서울 서대문구 연세로11길 16
GS25,서대문구,37.55857771,126.9364521,02-335-1919,서대문경찰서,신촌동,서울 서대문구 연세로9길 8
미니스톱,서대문구,37.55700489,126.9377427,02-365-1797,서대문경찰서,신촌동,서울 서대문구 연세로4길 12
CU,서대문구,37.56358512,126.9438075,02-365-6914,서대문경찰서,신촌동,서울 서대문구 연대동문길 26
GS25,서대문구,37.56699207,126.9467524,02-392-9225,서대문경찰서,신촌동,서울 서대문구 봉원사길 6
GS25,서대문구,37.56446452,126.9502888,02-312-2941,서대문경찰서,신촌동,서울 서대문구 이화여대길 52
미니스톱,서대문구,37.55723449,126.945642,02-362-8568,서대문경찰서,신촌동,서울 서대문구 이화여대길 7
세븐일레븐,서대문구,37.55810919,126.9454547,02-393-6428,서대문경찰서,신촌동,서울 서대문구 이화여대3길 6
gs25 사당남사,동작구,37.48285656,126.9808108,02-521-2274,사당지구대,사당1동,서울 동작구 동작대로17길 10
미니스톱 사당점,동작구,37.47998055,126.9808613,02-582-8316,사당지구대,사당1동,서울 동작구 동작대로7길 12
cu 사당태양점,동작구,37.4909801,126.9811118,02-3482-8940,남성지구대,사당2동,서울 동작구 동작대로35길 21
CU  목4동점,양천구,37.536927,126.864389,02-2648-3547,목4치안센터,목4동,서울 양천구 목동중앙남로5길 46
gs25 사당이화,동작구,37.4911171,126.9813877,02-536-7992,사당지구대,사당2동,서울 동작구 동작대로35길 18
세븐일레븐 사당동작점,동작구,37.49224841,126.9792886,,남성지구대,사당2동,서울 동작구 동작대로35다길 22
세븐일레븐 동작남성점,동작구,37.48419306,126.9774049,,남성지구대,사당3동,서울 동작구 사당로23길 2
세븐일레븐 사당6호점,동작구,37.4877688,126.9648575,02-588-5874,사당지구대,사당5동,서울 동작구 사당로2차길 2
씨스페이스 흑석중앙대점,동작구,37.507371,126.962857,02-825-6553,흑석지구대,흑석동,서울 동작구 서달로14가길
cu 노량진중심점,동작구,37.50849654,126.9403769,070-7788-2481,노량진지구대,노량진1동,서울 동작구 장승배기로 122
세븐일레븐 성대점 B,종로구,37.58462074,126.9971469,,종로경찰서,혜화동,서울 종로구 성균관로 21-2
세븐일레븐 종로배화점,종로구,37.5771638,126.9694388,,종로경찰서,사직동,서울 종로구 필운대로 12
세븐일레븐 종로인사점,종로구,37.57143671,126.9869823,,종로경찰서,종로1.2.3.4가동,서울 종로구 인사동길 5
세븐일레븐 혜화점,종로구,37.58579567,127.0005887,,종로경찰서,혜화동,서울 종로구 창경궁로 273
CU  신월가로공원점,양천구,37.53611031,126.831719,02-2696-3324,신월1파출소,신월1동,서울 양천구 가로공원로 142
CU  신월장수공원점,양천구,37.521238,126.843526,02-2605-4595,신월4치안센터,신월4동,서울 양천구 월정로 15
CU  이대목동병원점,양천구,37.536983,126.886746,02-2653-8765,목4치안센터,목5동,서울 양천구 안양천로 1071
CU  목동아카데미점,양천구,37.524991,126.867881,02-2644-3285,목1지구대,목1동,서울 양천구 오목로 276-6
CU  목동하이페리온점,양천구,37.524831,126.870022,02-2640-0855,목1지구대,목1동,서울 양천구 오목로 300
CU  신정중앙로점,양천구,37.526963,126.856085,02-6338-3663,신정5치안센터,신정4동,서울 양천구 오목로37길 22
GS25  목동리치,양천구,37.549728,126.864175,02-2645-7580,목2치안센터,목3동,서울 양천구 목동중앙북로7가길 61
GS25  목동스위트,양천구,37.536125,126.878732,02-2062-3007,목6치안센터,목5동,서울 양천구 목동서로 65
GS25  신월태진,양천구,37.526414,126.846328,02-2603-8020,신월2지구대,신월2동,서울 양천구 중앙로55길 28
GS25  신정성의,양천구,37.526562,126.852094,02-2691-7268,신정5치안센터,신정4동,서울 양천구 중앙로54길 21
세븐일레븐  목동점,양천구,37.514999,126.8712369,02-2645-4572,신정1지구대,신정6동,서울 양천구 목동동로 130
세븐일레븐  신정2점,양천구,37.521767,126.856516,02-2696-7575,신정5치안센터,신정4동,서울 양천구 신월로 321
세븐일레븐  신정타운점,양천구,37.512094,126.860289,02-2061-9105,신정1지구대,신정7동,서울 양천구 목동동로 50
세븐일레븐  신월3호점,양천구,37.517104,126.840476,02-2698-5839,신월2지구대,신월6동,서울 양천구 신월로 150
미니스톱 종로충신점,종로구,37.57587382,127.0050353,,종로경찰서,종로5.6가동,서울 종로구 율곡로 235
CU 광화문광장점,종로구,37.57047997,126.976179,,종로경찰서,사직동,서울 종로구 새문안로 103-1
CU 내자중앙점,종로구,37.57632117,126.9722829,,종로경찰서,사직동,서울 종로구 자하문로 1
CU 대학로광장점,종로구,37.58204392,127.0016007,,종로경찰서,혜화동,서울 종로구 대학로 121
CU 동대문역점,종로구,37.57126032,127.0109801,,종로경찰서,창신1동,서울 종로구 종로46길 5
CU 동숭아트점,종로구,37.58317552,127.0038357,,종로경찰서,이화동,서울 종로구 동숭길 114
CU 마로니에점,종로구,37.57841832,127.0019245,,종로경찰서,이화동,서울 종로구 대학로 81
CU 명륜성대점,종로구,37.58264219,126.9988362,,종로경찰서,혜화동,서울 종로구 창경궁로 236
CU 종로공원점,종로구,37.57320313,127.0075935,,종로경찰서,종로5.6가동,서울 종로구 율곡로 271
CU 종로삼청점,종로구,37.58711692,126.9817985,,종로경찰서,삼청동,서울 종로구 삼청로 132
CU 종로신교점,종로구,37.58368705,126.9696536,,종로경찰서,청운효자동,서울 종로구 필운대로 112-4
CU 종로중앙점,종로구,37.56969947,126.9859004,,종로경찰서,종로1.2.3.4가동,서울 종로구 종로12길 7
CU 종로배화점,종로구,37.57794174,126.9675095,,종로경찰서,사직동,서울 종로구 필운대로1길 36
CU 종로국악당점,종로구,37.57678178,126.9908847,,종로경찰서,종로1.2.3.4가동,서울 종로구 율곡로10길 16
CU 종로원서점,종로구,37.5828111,126.9893669,,종로경찰서,가회동,서울 종로구 창덕궁길 120
CU 평창북악점,종로구,37.61162619,126.974766,,종로경찰서,평창동,서울 종로구 평창30길 19
CU 종로행촌점,종로구,37.57503886,126.9618959,,종로경찰서,교남동,서울 종로구 통일로12길 62
GS25 상명사랑,종로구,37.6001538,126.9585221,,종로경찰서,부암동,서울 종로구 세검정로 230
GS25 종로누하,종로구,37.579535,126.9686273,,종로경찰서,청운효자동,서울 종로구 필운대로 39
GS25 종로도렴점,종로구,37.57297715,126.9743534,,종로경찰서,사직동,서울 종로구 새문안로5길 31
미니스톱 종로육의전점,종로구,37.5705972,126.9891513,,종로경찰서,종로1.2.3.4가동,서울 종로구 수표로 105
미니스톱 종로효제점,종로구,37.57260501,127.0049672,,종로경찰서,종로5.6가동,서울 종로구 종로39길 40
미니스톱 종로6가점,종로구,37.57143364,127.0065428,,종로경찰서,종로5.6가동,서울 종로구 종로41길 3
미니스톱 동대문역점,종로구,37.57233055,127.0125651,,종로경찰서,창신1동,서울 종로구 종로 313-1
GS25성북한천로,성북구,37.6108434,127.0630028,02-965-5152,종암경찰서,석관동,서울 성북구 한천로 572
GS25성신미디어,성북구,37.59060167,127.0199813,02-923-7978,성북경찰서,동선동,서울 성북구 보문로32길 69
GS25성신행운,성북구,37.589201,127.0203049,02-923-8449,성북경찰서,안암동,서울 성북구 보문로30가길 12
GS25정릉대우,성북구,37.60590885,127.0114156,02-909-9010,성북경찰서,정릉2동,서울 성북구 보국문로 14
GS25한성대,성북구,37.5866242,127.0095148,02-3675-3921,성북경찰서,삼선동,서울 성북구 삼선교로10나길 3
GS25동덕여대사랑,성북구,37.60512716,127.0417578,02-915-7705,종암경찰서,월곡2동,서울 성북구 화랑로13길 42
GS25성북석관,성북구,37.6082436,127.0598793,02-959-2273,종암경찰서,석관동,서울 성북구 돌곶이로 46
GS25석관미소,성북구,37.6089057,127.0637025,02-959-0920,종암경찰서,석관동,서울 성북구 돌곶이로8바길 39
GS25성북장위,성북구,37.6118122,127.0545188,02-912-0177,종암경찰서,장위2동,서울 성북구 화랑로33길 39
GS25성북희망점,성북구,37.5878036,127.0143731,02-929-2527,성북경찰서,삼선동,서울 성북구 삼선교로18나길 26
미니스톱상월곡역점,성북구,37.60743005,127.0510151,02-6348-0830,종암경찰서,석관동,서울 성북구 화랑로 186
미니스톱장위중앙점,성북구,37.614201,127.0407016,1577-9621,종암경찰서,장위1동,서울 성북구 장위로 38
미니스톱장위점,성북구,37.6159414,127.0483295,02-918-2306,종암경찰서,장위1동,서울 성북구 장월로 113
미니스톱정릉서경대점,성북구,37.61201771,127.0097602,02-998-8580,성북경찰서,정릉4동,서울 성북구 보국문로16길 48
미니스톱안암역점,성북구,37.586422,127.0300034,02-929-2980,성북경찰서,안암동,서울 성북구 고려대로 95
세븐일레븐보문점,성북구,37.5805073,127.0224295,02-927-4203,성북경찰서,보문동,서울 성북구 안암로1길 45
세븐일레븐삼선동점,성북구,37.5903246,127.013819,02-922-5836,성북경찰서,삼선동,서울 성북구 삼선교로23길 21
세븐일레븐성북구청후문점,성북구,37.58940918,127.0173507,02-923-3375,성북경찰서,삼선동,서울 성북구 보문로32길 14
세븐일레븐성북성신점,성북구,37.59262695,127.0208867,,성북경찰서,동선동,서울 성북구 보문로34다길 31
세븐일레븐성신여대정문점,성북구,37.5915026,127.0203356,02-921-7532,성북경찰서,동선동,서울 성북구 보문로34나길 3
세븐일레븐월곡삼양점,성북구,37.6079243,127.0338384,02-941-7008,종암경찰서,월곡1동,서울 성북구 오패산로17길 40
세븐일레븐정릉대로점,성북구,37.6020315,127.0193099,02-942-2840,성북경찰서,정릉1동,서울 성북구 정릉로 326
세븐일레븐정릉이수점,성북구,37.5992011,127.0176971,02-909-2725,성북경찰서,정릉1동,서울 성북구 북악산로 842
세븐일레븐 성북성신여고점,성북구,37.5947547,127.0211402,02-6369-4845,성북경찰서,동선동,서울 성북구 동소문로26가길 40
씨스페이스장위점,성북구,37.6138424,127.0487142,02-3292-1999,종암경찰서,장위1동,서울 성북구 장월로 89-1
씨스페이스정릉3점,성북구,37.60873105,127.0077307,02-916-0103,성북경찰서,정릉3동,서울 성북구 솔샘로6길 66
CU고려대안암병원점,성북구,37.58711178,127.0263579,02-922-2228,성북경찰서,안암동,서울 성북구 고려대로 73
CU동덕우체국점,성북구,37.6066219,127.0407525,02-942-9552,종암경찰서,월곡1동,서울 성북구 화랑로13길 79-2
CU성북로데오점,성북구,37.59263467,127.0177319,02-929-0622,성북경찰서,동선동,서울 성북구 동소문로20가길 22
CU성북삼선점,성북구,37.5861266,127.0108003,02-6012-6209,성북경찰서,삼선동,서울 성북구 삼선교로16길 48
CU성북점,성북구,37.5906171,127.0043319,02-747-4634,성북경찰서,성북동,서울 성북구 성북로8길 4
CU성신여대역점,성북구,37.59268903,127.0156761,02-922-1017,성북경찰서,동선동,서울 성북구 동소문로 93
CU정릉청수점,성북구,37.6172001,127.0024647,02-910-7072,성북경찰서,정릉4동,서울 성북구 보국문로32길 3
CU종암행복점,성북구,37.5940509,127.0342589,02-926-4626,종암경찰서,종암동,서울 성북구 종암로5길 29
CU보문좋은점,성북구,37.5850057,127.0181328,02-926-2525,성북경찰서,보문동,서울 성북구 지봉로 175
GS25고대종암,성북구,37.59213004,127.0344125,02-929-0567,종암경찰서,종암동,서울 성북구 북악산로27길 14
GS25길음뉴타운,성북구,37.61072626,127.0196517,02-929-1315,성북경찰서,길음1동,서울 성북구 삼양로13길 45
GS25길음본,성북구,37.60504961,127.022011,02-918-2212,성북경찰서,길음1동,서울 성북구 길음로 33
GS25성북동진,성북구,37.59502349,127.0361673,02-913-5557,종암경찰서,종암동,서울 성북구 종암로 54
세븐일레븐 한양본점,성동구,37.56012487,127.0402266,02-2281-0779,성동경찰서,사근동,서울 성동구 마조로5길 8
CU 성동금호점,성동구,37.548142,127.0196133,02-2298-3760,성동경찰서,금호4가동,서울 성동구 장터길 34
CU 성동신한점,성동구,37.563648,127.0357573,02-2281-7230,성동경찰서,왕십리도선동,서울 성동구 고산자로 269
CU 왕십리도선점,성동구,37.56292703,127.034361,02-2295-7230,성동경찰서,왕십리도선동,서울 성동구 무학로2길 41
CU 금호두산점,성동구,37.557009,127.043695,02-2295-2850,성동경찰서,사근동,
GS25 성수햇살점,성동구,37.53653315,127.0575707,02-2205-5337,성동경찰서,성수2가1동,서울 성동구 성덕정길 128
GS25 한양여대점,성동구,37.5603507,127.0490812,02-2299-8120,성동경찰서,사근동,서울 성동구 사근동10길 16
GS25 한양대후문점,성동구,37.56021428,127.0422154,02-2282-1013,성동경찰서,사근동,서울 성동구 사근동길 10
GS25 행당벽산점,성동구,37.55539336,127.0253734,02-2299-7925,성동경찰서,금호1가동,서울 성동구 행당로6길 2
미니스톱 성동도선점,성동구,37.56400786,127.0355689,02-2297-7319,성동경찰서,왕십리도선동,서울 성동구 왕십리로20길 26
미니스톱 뚝섬점,성동구,37.54892066,127.048282,02-499-3110,성동경찰서,성수1가2동,서울 성동구 상원8길 1
미니스톱 디지털타워점,성동구,37.542509,127.0518608,02-2115-8388,성동경찰서,성수2가1동,서울 성동구 성수일로4길 25
미니스톱 성수2가점,성동구,37.54922352,127.056127,02-497-3110,성동경찰서,성수2가3동,서울 성동구 광나루로 238
세븐일레븐 왕십리제일점,성동구,37.561055,127.0302616,070-7795-6641,성동경찰서,왕십리2동,서울 성동구 무학봉15가길 7
미니스톱 구로구청점,구로구,37.4939413,126.8874488,02-859-1390,구로경찰서,구로2동,서울 구로구 가마산로22길 10
미니스톱 구로공단역점,구로구,37.48471224,126.9008335,02-864-6872,구로경찰서,구로3동,서울 구로구 디지털로32나길 35
미니스톱 구로지플러스점,구로구,37.4829104,126.898574,02-851-4366,구로경찰서,구로3동,서울 구로구 디지털로32가길 16
미니스톱 구로빌란트점,구로구,37.48290622,126.8960878,,구로경찰서,구로3동,서울 구로구 디지털로30길 31
미니스톱 구로하이엔드점,구로구,37.48160996,126.8934683,,구로경찰서,구로3동,서울 구로구 디지털로26길 5
미니스톱 구일역점,구로구,37.4957011,126.8744343,,구로경찰서,구로1동,서울 구로구 구일로10길 49
세븐일레븐 고척푸르지오점,구로구,37.5070541,126.8595113,02-2060-8367,구로경찰서,고척2동,서울 구로구 중앙로 109
세븐일레븐 고척청마루점,구로구,37.50761415,126.8631037,02-2684-1719,구로경찰서,고척2동,서울 구로구 중앙로14길 31
세븐일레븐 구일역점,구로구,37.4950273,126.872004,02-851-1795,구로경찰서,구로1동,서울 구로구 구일로 110
CU 고척리가점,구로구,37.5069602,126.8626241,02-707-2250,구로경찰서,고척2동,서울 구로구 중앙로14길 23
CU 구로포스큐,구로구,37.4981598,126.8919457,02-830-7248,구로경찰서,구로5동,서울 구로구 공원로 11
CU 오류현대점,구로구,37.4948667,126.8420247,02-2066-2287,구로경찰서,오류1동,서울 구로구 경인로20나길 30
CU 한신IT타워점,구로구,37.48250101,126.894424,02-866-2101,구로경찰서,구로3동,서울 구로구 디지털로 272
CU 구로파트너점,구로구,37.4829104,126.898574,02-2028-3335,구로경찰서,구로3동,서울 구로구 디지털로32가길 16
CU 구로희망점,구로구,37.485463,126.8924069,02-852-3658,구로경찰서,구로3동,서울 구로구 디지털로31길 53
CU 신세계I&C점,구로구,37.48591141,126.8915302,02-851-2337,구로경찰서,구로3동,서울 구로구 디지털로31길 61
GS25 고척세곡,구로구,37.5052065,126.8480204,02-2613-9980,구로경찰서,고척2동,서울 구로구 고척로33길 60
GS25 구로W타워,구로구,37.5045551,126.8751754,02-6124-3343,구로경찰서,구로2동,서울 구로구 경인로53길 90
GS25 구로가리봉,구로구,37.4825185,126.8875206,02-858-6648,구로경찰서,가리봉동,서울 구로구 우마길 1
GS25 구로개봉,구로구,37.5019437,126.8453347,02-2611-8663,구로경찰서,개봉1동,서울 구로구 고척로19길 16
GS25 구로문성,구로구,37.4805275,126.8969729,02-830-8770,구로경찰서,구로3동,서울 구로구 디지털로32가길 72
GS25 구로미성,구로구,37.5061286,126.8766046,02-2635-2025,구로경찰서,신도림동,서울 구로구 구로중앙로 228
GS25 구로제일,구로구,37.49209493,126.8758803,02-830-1963,구로경찰서,구로1동,서울 구로구 구일로4길 33
GS25 구로현대,구로구,37.51158352,126.8846172,02-2675-6088,구로경찰서,신도림동,서울 구로구 신도림로19길 16
GS25 신도림,구로구,37.5036144,126.8901032,02-852-7023,구로경찰서,구로5동,서울 구로구 공원로6가길 52
GS25 오류행운,구로구,37.49722671,126.837019,02-2625-0025,구로경찰서,오류1동,서울 구로구 경인로15길 80-4
GS25 구로지벨리몰점,구로구,37.4847468,126.8964988,02-6344-3904,구로경찰서,구로3동,서울 구로구 디지털로 300
GS25 디큐브시티,구로구,37.50880154,126.8891846,,구로경찰서,신도림동,서울 구로구 경인로 662
GS25 구로사랑,구로구,37.50904858,126.8869872,02-2069-1049,구로경찰서,신도림동,서울 구로구 경인로 661
GS25 구로이편한점,구로구,37.50512273,126.8821933,02-2634-2810,구로경찰서,신도림동,서울 구로구 신도림로 16
GS25 구로경인점,구로구,37.49891797,126.8543162,02-2688-1153,구로경찰서,개봉1동,서울 구로구 경인로35길 38
GS25 구로아울렛,구로구,37.49743159,126.8620618,02-2625-1052,구로경찰서,고척1동,서울 구로구 경인로43길 18
GS25 개봉으뜸,구로구,37.49502772,126.8590223,02-2066-9123,구로경찰서,개봉1동,서울 구로구 경인로40길 41
GS25 구로미래,구로구,37.50904858,126.8869872,02-2069-1185,구로경찰서,신도림동,서울 구로구 경인로 661
GS25 고척,구로구,37.5001115,126.8671606,02-2616-0574,구로경찰서,고척1동,서울 구로구 경인로47길 10
미니스톱 천왕역점,구로구,37.4875288,126.8388062,,구로경찰서,오류2동,서울 구로구 오리로 1154-7
CU 마장현대점,성동구,37.5681091,127.0437104,02-2281-0900,성동경찰서,마장동,서울 성동구 마장로39길 36
